iso3,country,un_region,income_group,year,thinness_pct,obesity_pct,overweight_pct
nan,AFG,SA,Low,2000,15.9,1.5,5.6
nan,AFG,SA,Low,2001,15.5,1.7,6.0
nan,AFG,SA,Low,2002,15.1,1.8,6.4
nan,AFG,SA,Low,2003,14.8,1.9,6.8
nan,AFG,SA,Low,2004,14.4,2.1,7.3
nan,AFG,SA,Low,2005,14.0,2.3,7.8
nan,AFG,SA,Low,2006,13.6,2.4,8.3
nan,AFG,SA,Low,2007,13.3,2.6,8.8
nan,AFG,SA,Low,2008,12.9,2.9,9.4
nan,AFG,SA,Low,2009,12.5,3.1,10.0
nan,AFG,SA,Low,2010,12.1,3.3,10.6
nan,AFG,SA,Low,2011,11.7,3.6,11.3
nan,AFG,SA,Low,2012,11.3,3.8,12.0
nan,AFG,SA,Low,2013,11.0,4.1,12.8
nan,AFG,SA,Low,2014,10.6,4.5,13.6
nan,AFG,SA,Low,2015,10.2,4.9,14.5
nan,AFG,SA,Low,2016,9.9,5.3,15.4
nan,AFG,SA,Low,2017,9.5,5.7,16.4
nan,AFG,SA,Low,2018,9.2,6.2,17.4
nan,AFG,SA,Low,2019,8.8,6.7,18.5
nan,AFG,SA,Low,2020,8.5,7.3,19.6
nan,AFG,SA,Low,2021,8.2,7.8,20.8
nan,AFG,SA,Low,2022,7.9,8.5,22.0
nan,AGO,ESA,Lower Middle,2000,9.5,1.2,5.3
nan,AGO,ESA,Lower Middle,2001,9.3,1.3,5.6
nan,AGO,ESA,Lower Middle,2002,9.2,1.4,5.9
nan,AGO,ESA,Lower Middle,2003,9.0,1.5,6.2
nan,AGO,ESA,Lower Middle,2004,8.8,1.6,6.4
nan,AGO,ESA,Lower Middle,2005,8.6,1.7,6.7
nan,AGO,ESA,Lower Middle,2006,8.4,1.8,7.0
nan,AGO,ESA,Lower Middle,2007,8.3,1.9,7.3
nan,AGO,ESA,Lower Middle,2008,8.1,2.0,7.6
nan,AGO,ESA,Lower Middle,2009,7.9,2.1,7.8
nan,AGO,ESA,Lower Middle,2010,7.8,2.2,8.1
nan,AGO,ESA,Lower Middle,2011,7.6,2.3,8.4
nan,AGO,ESA,Lower Middle,2012,7.5,2.4,8.6
nan,AGO,ESA,Lower Middle,2013,7.4,2.6,8.9
nan,AGO,ESA,Lower Middle,2014,7.2,2.7,9.2
nan,AGO,ESA,Lower Middle,2015,7.1,2.8,9.6
nan,AGO,ESA,Lower Middle,2016,7.0,3.0,9.9
nan,AGO,ESA,Lower Middle,2017,7.0,3.2,10.3
nan,AGO,ESA,Lower Middle,2018,6.9,3.4,10.7
nan,AGO,ESA,Lower Middle,2019,6.8,3.6,11.1
nan,AGO,ESA,Lower Middle,2020,6.7,3.9,11.6
nan,AGO,ESA,Lower Middle,2021,6.7,4.2,12.1
nan,AGO,ESA,Lower Middle,2022,6.6,4.4,12.6
nan,ALB,EECA,Upper Middle,2000,1.7,3.6,17.4
nan,ALB,EECA,Upper Middle,2001,1.7,3.7,17.8
nan,ALB,EECA,Upper Middle,2002,1.6,3.9,18.1
nan,ALB,EECA,Upper Middle,2003,1.6,4.0,18.5
nan,ALB,EECA,Upper Middle,2004,1.6,4.2,18.9
nan,ALB,EECA,Upper Middle,2005,1.5,4.3,19.3
nan,ALB,EECA,Upper Middle,2006,1.5,4.5,19.7
nan,ALB,EECA,Upper Middle,2007,1.5,4.7,20.0
nan,ALB,EECA,Upper Middle,2008,1.5,4.8,20.3
nan,ALB,EECA,Upper Middle,2009,1.5,5.0,20.5
nan,ALB,EECA,Upper Middle,2010,1.6,5.1,20.7
nan,ALB,EECA,Upper Middle,2011,1.6,5.3,20.9
nan,ALB,EECA,Upper Middle,2012,1.6,5.4,21.0
nan,ALB,EECA,Upper Middle,2013,1.7,5.6,21.1
nan,ALB,EECA,Upper Middle,2014,1.8,5.7,21.2
nan,ALB,EECA,Upper Middle,2015,1.9,5.9,21.3
nan,ALB,EECA,Upper Middle,2016,2.0,6.1,21.4
nan,ALB,EECA,Upper Middle,2017,2.1,6.3,21.5
nan,ALB,EECA,Upper Middle,2018,2.2,6.5,21.7
nan,ALB,EECA,Upper Middle,2019,2.4,6.8,21.9
nan,ALB,EECA,Upper Middle,2020,2.5,7.0,22.1
nan,ALB,EECA,Upper Middle,2021,2.7,7.3,22.3
nan,ALB,EECA,Upper Middle,2022,2.9,7.5,22.5
nan,AND,WE,High,2000,2.1,8.7,26.6
nan,AND,WE,High,2001,2.1,8.9,27.1
nan,AND,WE,High,2002,2.0,9.2,27.5
nan,AND,WE,High,2003,2.0,9.5,27.9
nan,AND,WE,High,2004,2.0,9.8,28.4
nan,AND,WE,High,2005,2.0,10.1,28.8
nan,AND,WE,High,2006,2.0,10.4,29.1
nan,AND,WE,High,2007,1.9,10.6,29.3
nan,AND,WE,High,2008,1.9,10.7,29.4
nan,AND,WE,High,2009,1.9,10.8,29.5
nan,AND,WE,High,2010,2.0,10.9,29.5
nan,AND,WE,High,2011,2.0,11.0,29.5
nan,AND,WE,High,2012,2.0,11.0,29.4
nan,AND,WE,High,2013,2.1,11.0,29.3
nan,AND,WE,High,2014,2.1,11.0,29.1
nan,AND,WE,High,2015,2.1,11.0,29.0
nan,AND,WE,High,2016,2.2,11.0,28.9
nan,AND,WE,High,2017,2.2,11.0,28.8
nan,AND,WE,High,2018,2.3,11.0,28.7
nan,AND,WE,High,2019,2.4,11.0,28.7
nan,AND,WE,High,2020,2.4,11.1,28.6
nan,AND,WE,High,2021,2.5,11.1,28.6
nan,AND,WE,High,2022,2.6,11.2,28.5
nan,ARE,MENA,High,2000,4.4,13.0,31.7
nan,ARE,MENA,High,2001,4.3,13.5,32.5
nan,ARE,MENA,High,2002,4.2,14.0,33.3
nan,ARE,MENA,High,2003,4.1,14.5,34.2
nan,ARE,MENA,High,2004,4.0,15.0,35.0
nan,ARE,MENA,High,2005,3.9,15.5,35.8
nan,ARE,MENA,High,2006,4.0,16.1,36.6
nan,ARE,MENA,High,2007,4.0,16.6,37.3
nan,ARE,MENA,High,2008,4.1,17.1,37.9
nan,ARE,MENA,High,2009,4.1,17.5,38.4
nan,ARE,MENA,High,2010,4.1,17.8,38.9
nan,ARE,MENA,High,2011,4.0,18.1,39.5
nan,ARE,MENA,High,2012,4.0,18.5,40.0
nan,ARE,MENA,High,2013,4.0,18.8,40.5
nan,ARE,MENA,High,2014,3.9,19.1,41.0
nan,ARE,MENA,High,2015,3.9,19.3,41.4
nan,ARE,MENA,High,2016,3.8,19.6,41.9
nan,ARE,MENA,High,2017,3.7,19.9,42.4
nan,ARE,MENA,High,2018,3.7,20.1,42.9
nan,ARE,MENA,High,2019,3.6,20.4,43.5
nan,ARE,MENA,High,2020,3.5,20.7,44.1
nan,ARE,MENA,High,2021,3.4,21.0,44.7
nan,ARE,MENA,High,2022,3.4,21.4,45.3
nan,ARG,LAC,Upper Middle,2000,2.1,5.8,23.2
nan,ARG,LAC,Upper Middle,2001,2.0,6.1,23.9
nan,ARG,LAC,Upper Middle,2002,1.9,6.4,24.7
nan,ARG,LAC,Upper Middle,2003,1.9,6.7,25.4
nan,ARG,LAC,Upper Middle,2004,1.8,7.1,26.1
nan,ARG,LAC,Upper Middle,2005,1.8,7.5,26.8
nan,ARG,LAC,Upper Middle,2006,1.8,7.9,27.6
nan,ARG,LAC,Upper Middle,2007,1.7,8.3,28.3
nan,ARG,LAC,Upper Middle,2008,1.7,8.7,29.0
nan,ARG,LAC,Upper Middle,2009,1.7,9.2,29.6
nan,ARG,LAC,Upper Middle,2010,1.7,9.7,30.3
nan,ARG,LAC,Upper Middle,2011,1.7,10.3,31.1
nan,ARG,LAC,Upper Middle,2012,1.7,10.9,31.8
nan,ARG,LAC,Upper Middle,2013,1.7,11.6,32.6
nan,ARG,LAC,Upper Middle,2014,1.8,12.3,33.4
nan,ARG,LAC,Upper Middle,2015,1.8,13.1,34.3
nan,ARG,LAC,Upper Middle,2016,1.9,14.0,35.2
nan,ARG,LAC,Upper Middle,2017,1.9,15.0,36.1
nan,ARG,LAC,Upper Middle,2018,2.0,16.0,37.1
nan,ARG,LAC,Upper Middle,2019,2.0,17.0,38.1
nan,ARG,LAC,Upper Middle,2020,2.1,18.1,39.1
nan,ARG,LAC,Upper Middle,2021,2.1,19.2,40.1
nan,ARG,LAC,Upper Middle,2022,2.2,20.3,41.1
nan,ARM,EECA,Upper Middle,2000,2.5,4.6,19.0
nan,ARM,EECA,Upper Middle,2001,2.4,4.6,18.8
nan,ARM,EECA,Upper Middle,2002,2.4,4.5,18.7
nan,ARM,EECA,Upper Middle,2003,2.3,4.5,18.5
nan,ARM,EECA,Upper Middle,2004,2.3,4.5,18.4
nan,ARM,EECA,Upper Middle,2005,2.3,4.6,18.4
nan,ARM,EECA,Upper Middle,2006,2.3,4.6,18.3
nan,ARM,EECA,Upper Middle,2007,2.3,4.7,18.3
nan,ARM,EECA,Upper Middle,2008,2.3,4.8,18.4
nan,ARM,EECA,Upper Middle,2009,2.3,5.0,18.5
nan,ARM,EECA,Upper Middle,2010,2.3,5.2,18.8
nan,ARM,EECA,Upper Middle,2011,2.4,5.5,19.1
nan,ARM,EECA,Upper Middle,2012,2.5,5.8,19.5
nan,ARM,EECA,Upper Middle,2013,2.6,6.1,19.9
nan,ARM,EECA,Upper Middle,2014,2.7,6.4,20.3
nan,ARM,EECA,Upper Middle,2015,2.8,6.7,20.8
nan,ARM,EECA,Upper Middle,2016,2.9,7.1,21.4
nan,ARM,EECA,Upper Middle,2017,3.0,7.5,22.0
nan,ARM,EECA,Upper Middle,2018,3.1,8.0,22.6
nan,ARM,EECA,Upper Middle,2019,3.3,8.4,23.2
nan,ARM,EECA,Upper Middle,2020,3.4,8.8,23.8
nan,ARM,EECA,Upper Middle,2021,3.6,9.2,24.4
nan,ARM,EECA,Upper Middle,2022,3.7,9.6,24.9
nan,ATG,LAC,High,2000,3.2,12.3,25.6
nan,ATG,LAC,High,2001,3.1,12.9,26.5
nan,ATG,LAC,High,2002,3.1,13.5,27.4
nan,ATG,LAC,High,2003,3.0,14.0,28.3
nan,ATG,LAC,High,2004,2.9,14.6,29.2
nan,ATG,LAC,High,2005,2.9,15.1,30.1
nan,ATG,LAC,High,2006,2.9,15.7,30.9
nan,ATG,LAC,High,2007,2.8,16.2,31.8
nan,ATG,LAC,High,2008,2.8,16.8,32.7
nan,ATG,LAC,High,2009,2.8,17.3,33.5
nan,ATG,LAC,High,2010,2.8,17.8,34.3
nan,ATG,LAC,High,2011,2.8,18.3,35.2
nan,ATG,LAC,High,2012,2.8,18.8,36.0
nan,ATG,LAC,High,2013,2.8,19.4,36.8
nan,ATG,LAC,High,2014,2.8,20.0,37.6
nan,ATG,LAC,High,2015,2.8,20.5,38.5
nan,ATG,LAC,High,2016,2.8,21.1,39.3
nan,ATG,LAC,High,2017,2.8,21.7,40.2
nan,ATG,LAC,High,2018,2.9,22.2,41.1
nan,ATG,LAC,High,2019,2.9,22.8,42.0
nan,ATG,LAC,High,2020,3.0,23.3,42.9
nan,ATG,LAC,High,2021,3.0,23.9,43.7
nan,ATG,LAC,High,2022,3.1,24.4,44.6
nan,AUS,EAP,High,2000,1.3,8.9,28.6
nan,AUS,EAP,High,2001,1.3,9.2,29.2
nan,AUS,EAP,High,2002,1.3,9.4,29.7
nan,AUS,EAP,High,2003,1.3,9.7,30.2
nan,AUS,EAP,High,2004,1.3,9.9,30.5
nan,AUS,EAP,High,2005,1.3,10.1,30.9
nan,AUS,EAP,High,2006,1.3,10.3,31.1
nan,AUS,EAP,High,2007,1.3,10.4,31.4
nan,AUS,EAP,High,2008,1.3,10.6,31.6
nan,AUS,EAP,High,2009,1.4,10.8,31.8
nan,AUS,EAP,High,2010,1.4,11.0,32.0
nan,AUS,EAP,High,2011,1.4,11.3,32.3
nan,AUS,EAP,High,2012,1.4,11.6,32.5
nan,AUS,EAP,High,2013,1.4,11.9,32.7
nan,AUS,EAP,High,2014,1.4,12.2,33.0
nan,AUS,EAP,High,2015,1.4,12.6,33.4
nan,AUS,EAP,High,2016,1.4,13.0,33.8
nan,AUS,EAP,High,2017,1.4,13.4,34.2
nan,AUS,EAP,High,2018,1.5,13.9,34.6
nan,AUS,EAP,High,2019,1.5,14.3,35.1
nan,AUS,EAP,High,2020,1.5,14.8,35.5
nan,AUS,EAP,High,2021,1.5,15.3,36.0
nan,AUS,EAP,High,2022,1.6,15.8,36.4
nan,AUT,WE,High,2000,1.9,6.0,22.0
nan,AUT,WE,High,2001,1.9,6.3,22.5
nan,AUT,WE,High,2002,1.9,6.6,23.1
nan,AUT,WE,High,2003,1.9,6.9,23.6
nan,AUT,WE,High,2004,1.9,7.2,24.2
nan,AUT,WE,High,2005,1.9,7.5,24.7
nan,AUT,WE,High,2006,1.9,7.8,25.2
nan,AUT,WE,High,2007,1.9,8.1,25.7
nan,AUT,WE,High,2008,1.8,8.4,26.1
nan,AUT,WE,High,2009,1.8,8.6,26.5
nan,AUT,WE,High,2010,1.8,8.9,26.9
nan,AUT,WE,High,2011,1.8,9.1,27.1
nan,AUT,WE,High,2012,1.9,9.2,27.3
nan,AUT,WE,High,2013,1.9,9.4,27.5
nan,AUT,WE,High,2014,1.9,9.5,27.6
nan,AUT,WE,High,2015,1.9,9.7,27.8
nan,AUT,WE,High,2016,1.9,9.8,27.9
nan,AUT,WE,High,2017,1.9,10.0,28.0
nan,AUT,WE,High,2018,1.9,10.1,28.1
nan,AUT,WE,High,2019,1.9,10.3,28.3
nan,AUT,WE,High,2020,1.9,10.4,28.3
nan,AUT,WE,High,2021,1.9,10.5,28.4
nan,AUT,WE,High,2022,1.9,10.6,28.5
nan,AZE,EECA,Upper Middle,2000,3.9,3.1,16.7
nan,AZE,EECA,Upper Middle,2001,3.9,3.1,16.8
nan,AZE,EECA,Upper Middle,2002,3.8,3.1,16.9
nan,AZE,EECA,Upper Middle,2003,3.8,3.2,17.0
nan,AZE,EECA,Upper Middle,2004,3.7,3.2,17.2
nan,AZE,EECA,Upper Middle,2005,3.7,3.3,17.3
nan,AZE,EECA,Upper Middle,2006,3.7,3.4,17.5
nan,AZE,EECA,Upper Middle,2007,3.7,3.5,17.7
nan,AZE,EECA,Upper Middle,2008,3.7,3.7,18.0
nan,AZE,EECA,Upper Middle,2009,3.7,3.8,18.3
nan,AZE,EECA,Upper Middle,2010,3.7,4.0,18.6
nan,AZE,EECA,Upper Middle,2011,3.8,4.3,18.9
nan,AZE,EECA,Upper Middle,2012,3.8,4.6,19.3
nan,AZE,EECA,Upper Middle,2013,3.9,4.9,19.7
nan,AZE,EECA,Upper Middle,2014,4.0,5.3,20.2
nan,AZE,EECA,Upper Middle,2015,4.1,5.6,20.7
nan,AZE,EECA,Upper Middle,2016,4.2,6.0,21.3
nan,AZE,EECA,Upper Middle,2017,4.3,6.5,21.8
nan,AZE,EECA,Upper Middle,2018,4.5,6.9,22.4
nan,AZE,EECA,Upper Middle,2019,4.6,7.3,23.0
nan,AZE,EECA,Upper Middle,2020,4.7,7.8,23.6
nan,AZE,EECA,Upper Middle,2021,4.9,8.2,24.2
nan,AZE,EECA,Upper Middle,2022,5.0,8.6,24.8
nan,BDI,ESA,Low,2000,9.4,0.7,4.3
nan,BDI,ESA,Low,2001,9.2,0.8,4.5
nan,BDI,ESA,Low,2002,9.1,0.8,4.6
nan,BDI,ESA,Low,2003,9.0,0.9,4.8
nan,BDI,ESA,Low,2004,8.8,0.9,5.0
nan,BDI,ESA,Low,2005,8.7,1.0,5.1
nan,BDI,ESA,Low,2006,8.5,1.0,5.2
nan,BDI,ESA,Low,2007,8.4,1.1,5.4
nan,BDI,ESA,Low,2008,8.3,1.1,5.5
nan,BDI,ESA,Low,2009,8.2,1.2,5.7
nan,BDI,ESA,Low,2010,8.1,1.3,5.8
nan,BDI,ESA,Low,2011,8.0,1.3,5.9
nan,BDI,ESA,Low,2012,8.0,1.4,6.1
nan,BDI,ESA,Low,2013,7.9,1.5,6.2
nan,BDI,ESA,Low,2014,7.9,1.5,6.4
nan,BDI,ESA,Low,2015,7.9,1.6,6.5
nan,BDI,ESA,Low,2016,7.9,1.7,6.7
nan,BDI,ESA,Low,2017,7.9,1.8,6.9
nan,BDI,ESA,Low,2018,7.9,1.9,7.1
nan,BDI,ESA,Low,2019,8.0,2.0,7.2
nan,BDI,ESA,Low,2020,8.0,2.1,7.5
nan,BDI,ESA,Low,2021,8.1,2.3,7.7
nan,BDI,ESA,Low,2022,8.1,2.4,7.9
nan,BEL,WE,High,2000,1.6,5.5,20.6
nan,BEL,WE,High,2001,1.6,5.6,20.7
nan,BEL,WE,High,2002,1.6,5.7,20.9
nan,BEL,WE,High,2003,1.6,5.8,20.9
nan,BEL,WE,High,2004,1.7,5.9,20.9
nan,BEL,WE,High,2005,1.7,6.0,20.9
nan,BEL,WE,High,2006,1.7,6.0,20.9
nan,BEL,WE,High,2007,1.7,6.1,20.8
nan,BEL,WE,High,2008,1.7,6.1,20.8
nan,BEL,WE,High,2009,1.8,6.2,20.8
nan,BEL,WE,High,2010,1.8,6.2,20.8
nan,BEL,WE,High,2011,1.8,6.2,20.8
nan,BEL,WE,High,2012,1.9,6.3,20.7
nan,BEL,WE,High,2013,1.9,6.3,20.7
nan,BEL,WE,High,2014,2.0,6.3,20.8
nan,BEL,WE,High,2015,2.0,6.3,20.8
nan,BEL,WE,High,2016,2.0,6.4,20.9
nan,BEL,WE,High,2017,2.1,6.4,20.9
nan,BEL,WE,High,2018,2.1,6.4,21.0
nan,BEL,WE,High,2019,2.1,6.5,21.1
nan,BEL,WE,High,2020,2.2,6.5,21.2
nan,BEL,WE,High,2021,2.2,6.5,21.3
nan,BEL,WE,High,2022,2.3,6.5,21.4
nan,BEN,WCA,Lower Middle,2000,8.3,1.6,6.6
nan,BEN,WCA,Lower Middle,2001,8.1,1.8,6.9
nan,BEN,WCA,Lower Middle,2002,7.9,1.9,7.3
nan,BEN,WCA,Lower Middle,2003,7.7,2.1,7.7
nan,BEN,WCA,Lower Middle,2004,7.5,2.2,8.0
nan,BEN,WCA,Lower Middle,2005,7.3,2.4,8.4
nan,BEN,WCA,Lower Middle,2006,7.2,2.5,8.7
nan,BEN,WCA,Lower Middle,2007,7.0,2.7,9.1
nan,BEN,WCA,Lower Middle,2008,6.9,2.9,9.4
nan,BEN,WCA,Lower Middle,2009,6.7,3.0,9.7
nan,BEN,WCA,Lower Middle,2010,6.6,3.1,10.0
nan,BEN,WCA,Lower Middle,2011,6.5,3.3,10.3
nan,BEN,WCA,Lower Middle,2012,6.4,3.4,10.6
nan,BEN,WCA,Lower Middle,2013,6.3,3.5,10.8
nan,BEN,WCA,Lower Middle,2014,6.3,3.7,11.1
nan,BEN,WCA,Lower Middle,2015,6.2,3.8,11.3
nan,BEN,WCA,Lower Middle,2016,6.1,4.0,11.6
nan,BEN,WCA,Lower Middle,2017,6.1,4.2,11.9
nan,BEN,WCA,Lower Middle,2018,6.0,4.4,12.3
nan,BEN,WCA,Lower Middle,2019,6.0,4.6,12.6
nan,BEN,WCA,Lower Middle,2020,6.0,4.9,13.0
nan,BEN,WCA,Lower Middle,2021,5.9,5.1,13.4
nan,BEN,WCA,Lower Middle,2022,5.9,5.4,13.8
nan,BFA,WCA,Low,2000,11.5,0.3,2.7
nan,BFA,WCA,Low,2001,11.4,0.3,2.8
nan,BFA,WCA,Low,2002,11.2,0.3,2.9
nan,BFA,WCA,Low,2003,11.0,0.4,3.0
nan,BFA,WCA,Low,2004,10.9,0.4,3.2
nan,BFA,WCA,Low,2005,10.7,0.4,3.3
nan,BFA,WCA,Low,2006,10.6,0.5,3.5
nan,BFA,WCA,Low,2007,10.5,0.5,3.6
nan,BFA,WCA,Low,2008,10.4,0.5,3.8
nan,BFA,WCA,Low,2009,10.3,0.5,3.9
nan,BFA,WCA,Low,2010,10.3,0.6,4.1
nan,BFA,WCA,Low,2011,10.2,0.6,4.2
nan,BFA,WCA,Low,2012,10.2,0.6,4.4
nan,BFA,WCA,Low,2013,10.2,0.6,4.5
nan,BFA,WCA,Low,2014,10.2,0.6,4.7
nan,BFA,WCA,Low,2015,10.3,0.7,4.9
nan,BFA,WCA,Low,2016,10.3,0.7,5.1
nan,BFA,WCA,Low,2017,10.4,0.8,5.3
nan,BFA,WCA,Low,2018,10.5,0.8,5.5
nan,BFA,WCA,Low,2019,10.5,0.9,5.8
nan,BFA,WCA,Low,2020,10.6,0.9,6.1
nan,BFA,WCA,Low,2021,10.7,1.0,6.4
nan,BFA,WCA,Low,2022,10.8,1.1,6.7
nan,BGD,SA,Lower Middle,2000,24.0,0.5,2.9
nan,BGD,SA,Lower Middle,2001,23.6,0.5,3.1
nan,BGD,SA,Lower Middle,2002,23.3,0.6,3.3
nan,BGD,SA,Lower Middle,2003,22.9,0.6,3.5
nan,BGD,SA,Lower Middle,2004,22.6,0.6,3.7
nan,BGD,SA,Lower Middle,2005,22.3,0.7,3.9
nan,BGD,SA,Lower Middle,2006,21.9,0.7,4.1
nan,BGD,SA,Lower Middle,2007,21.6,0.8,4.2
nan,BGD,SA,Lower Middle,2008,21.3,0.8,4.4
nan,BGD,SA,Lower Middle,2009,21.0,0.8,4.6
nan,BGD,SA,Lower Middle,2010,20.7,0.9,4.8
nan,BGD,SA,Lower Middle,2011,20.3,0.9,5.0
nan,BGD,SA,Lower Middle,2012,20.0,1.0,5.3
nan,BGD,SA,Lower Middle,2013,19.6,1.0,5.5
nan,BGD,SA,Lower Middle,2014,19.2,1.1,5.7
nan,BGD,SA,Lower Middle,2015,18.8,1.2,6.0
nan,BGD,SA,Lower Middle,2016,18.4,1.2,6.3
nan,BGD,SA,Lower Middle,2017,18.0,1.3,6.6
nan,BGD,SA,Lower Middle,2018,17.6,1.4,6.9
nan,BGD,SA,Lower Middle,2019,17.2,1.5,7.2
nan,BGD,SA,Lower Middle,2020,16.9,1.6,7.5
nan,BGD,SA,Lower Middle,2021,16.5,1.8,7.9
nan,BGD,SA,Lower Middle,2022,16.2,1.9,8.3
nan,BGR,EECA,High,2000,2.9,5.5,18.7
nan,BGR,EECA,High,2001,2.9,5.7,19.1
nan,BGR,EECA,High,2002,2.9,5.9,19.5
nan,BGR,EECA,High,2003,2.8,6.2,19.9
nan,BGR,EECA,High,2004,2.8,6.4,20.3
nan,BGR,EECA,High,2005,2.8,6.8,20.9
nan,BGR,EECA,High,2006,2.8,7.1,21.4
nan,BGR,EECA,High,2007,2.7,7.5,22.1
nan,BGR,EECA,High,2008,2.7,7.9,22.7
nan,BGR,EECA,High,2009,2.8,8.3,23.4
nan,BGR,EECA,High,2010,2.8,8.7,24.0
nan,BGR,EECA,High,2011,2.8,9.1,24.6
nan,BGR,EECA,High,2012,2.9,9.5,25.2
nan,BGR,EECA,High,2013,3.0,9.9,25.8
nan,BGR,EECA,High,2014,3.0,10.2,26.3
nan,BGR,EECA,High,2015,3.1,10.4,26.6
nan,BGR,EECA,High,2016,3.2,10.6,27.0
nan,BGR,EECA,High,2017,3.2,10.9,27.3
nan,BGR,EECA,High,2018,3.3,11.1,27.7
nan,BGR,EECA,High,2019,3.4,11.3,28.0
nan,BGR,EECA,High,2020,3.5,11.6,28.5
nan,BGR,EECA,High,2021,3.6,11.8,28.8
nan,BGR,EECA,High,2022,3.7,12.1,29.2
nan,BHR,MENA,High,2000,7.1,10.3,23.8
nan,BHR,MENA,High,2001,7.0,10.8,24.6
nan,BHR,MENA,High,2002,6.8,11.2,25.4
nan,BHR,MENA,High,2003,6.7,11.7,26.2
nan,BHR,MENA,High,2004,6.6,12.2,27.1
nan,BHR,MENA,High,2005,6.5,12.7,27.9
nan,BHR,MENA,High,2006,6.4,13.1,28.7
nan,BHR,MENA,High,2007,6.4,13.6,29.4
nan,BHR,MENA,High,2008,6.3,14.0,30.0
nan,BHR,MENA,High,2009,6.2,14.3,30.6
nan,BHR,MENA,High,2010,6.2,14.7,31.2
nan,BHR,MENA,High,2011,6.1,15.1,31.8
nan,BHR,MENA,High,2012,6.0,15.5,32.5
nan,BHR,MENA,High,2013,5.9,15.8,33.1
nan,BHR,MENA,High,2014,5.8,16.3,33.8
nan,BHR,MENA,High,2015,5.7,16.7,34.6
nan,BHR,MENA,High,2016,5.6,17.2,35.4
nan,BHR,MENA,High,2017,5.5,17.6,36.2
nan,BHR,MENA,High,2018,5.5,18.1,37.0
nan,BHR,MENA,High,2019,5.4,18.6,37.9
nan,BHR,MENA,High,2020,5.3,19.1,38.7
nan,BHR,MENA,High,2021,5.2,19.6,39.6
nan,BHR,MENA,High,2022,5.1,20.1,40.5
nan,BHS,LAC,High,2000,4.0,13.4,28.0
nan,BHS,LAC,High,2001,3.9,14.0,29.0
nan,BHS,LAC,High,2002,3.8,14.6,30.1
nan,BHS,LAC,High,2003,3.7,15.2,31.1
nan,BHS,LAC,High,2004,3.7,15.8,32.1
nan,BHS,LAC,High,2005,3.6,16.4,33.1
nan,BHS,LAC,High,2006,3.6,17.0,34.1
nan,BHS,LAC,High,2007,3.5,17.6,35.1
nan,BHS,LAC,High,2008,3.5,18.2,36.1
nan,BHS,LAC,High,2009,3.5,18.9,37.1
nan,BHS,LAC,High,2010,3.4,19.5,38.1
nan,BHS,LAC,High,2011,3.4,20.1,39.1
nan,BHS,LAC,High,2012,3.4,20.7,40.1
nan,BHS,LAC,High,2013,3.4,21.4,41.1
nan,BHS,LAC,High,2014,3.4,22.0,42.1
nan,BHS,LAC,High,2015,3.5,22.7,43.1
nan,BHS,LAC,High,2016,3.5,23.2,44.1
nan,BHS,LAC,High,2017,3.5,23.8,45.1
nan,BHS,LAC,High,2018,3.6,24.4,46.0
nan,BHS,LAC,High,2019,3.6,24.9,47.0
nan,BHS,LAC,High,2020,3.7,25.5,47.9
nan,BHS,LAC,High,2021,3.7,26.1,48.8
nan,BHS,LAC,High,2022,3.8,26.6,49.7
nan,BIH,EECA,Upper Middle,2000,3.7,5.0,19.2
nan,BIH,EECA,Upper Middle,2001,3.6,5.2,19.6
nan,BIH,EECA,Upper Middle,2002,3.6,5.4,20.2
nan,BIH,EECA,Upper Middle,2003,3.5,5.7,20.8
nan,BIH,EECA,Upper Middle,2004,3.5,6.0,21.4
nan,BIH,EECA,Upper Middle,2005,3.4,6.3,22.0
nan,BIH,EECA,Upper Middle,2006,3.4,6.6,22.7
nan,BIH,EECA,Upper Middle,2007,3.3,6.9,23.3
nan,BIH,EECA,Upper Middle,2008,3.3,7.2,24.0
nan,BIH,EECA,Upper Middle,2009,3.3,7.5,24.8
nan,BIH,EECA,Upper Middle,2010,3.3,7.9,25.4
nan,BIH,EECA,Upper Middle,2011,3.3,8.1,25.9
nan,BIH,EECA,Upper Middle,2012,3.2,8.3,26.2
nan,BIH,EECA,Upper Middle,2013,3.2,8.5,26.6
nan,BIH,EECA,Upper Middle,2014,3.2,8.8,27.0
nan,BIH,EECA,Upper Middle,2015,3.3,9.1,27.5
nan,BIH,EECA,Upper Middle,2016,3.3,9.5,28.1
nan,BIH,EECA,Upper Middle,2017,3.3,10.0,28.8
nan,BIH,EECA,Upper Middle,2018,3.4,10.4,29.5
nan,BIH,EECA,Upper Middle,2019,3.4,10.9,30.1
nan,BIH,EECA,Upper Middle,2020,3.5,11.3,30.6
nan,BIH,EECA,Upper Middle,2021,3.5,11.7,31.2
nan,BIH,EECA,Upper Middle,2022,3.6,12.0,31.7
nan,BLR,EECA,Upper Middle,2000,2.8,3.8,15.0
nan,BLR,EECA,Upper Middle,2001,2.8,3.9,15.2
nan,BLR,EECA,Upper Middle,2002,2.7,4.0,15.4
nan,BLR,EECA,Upper Middle,2003,2.6,4.1,15.6
nan,BLR,EECA,Upper Middle,2004,2.6,4.3,15.9
nan,BLR,EECA,Upper Middle,2005,2.5,4.5,16.2
nan,BLR,EECA,Upper Middle,2006,2.5,4.7,16.6
nan,BLR,EECA,Upper Middle,2007,2.5,5.0,17.1
nan,BLR,EECA,Upper Middle,2008,2.4,5.2,17.5
nan,BLR,EECA,Upper Middle,2009,2.4,5.5,18.0
nan,BLR,EECA,Upper Middle,2010,2.4,5.8,18.5
nan,BLR,EECA,Upper Middle,2011,2.4,6.0,18.9
nan,BLR,EECA,Upper Middle,2012,2.4,6.3,19.4
nan,BLR,EECA,Upper Middle,2013,2.5,6.5,19.8
nan,BLR,EECA,Upper Middle,2014,2.5,6.7,20.1
nan,BLR,EECA,Upper Middle,2015,2.5,6.9,20.4
nan,BLR,EECA,Upper Middle,2016,2.5,7.1,20.7
nan,BLR,EECA,Upper Middle,2017,2.5,7.2,20.9
nan,BLR,EECA,Upper Middle,2018,2.5,7.4,21.2
nan,BLR,EECA,Upper Middle,2019,2.5,7.5,21.4
nan,BLR,EECA,Upper Middle,2020,2.6,7.7,21.6
nan,BLR,EECA,Upper Middle,2021,2.6,7.8,21.9
nan,BLR,EECA,Upper Middle,2022,2.6,7.9,22.1
nan,BLZ,LAC,Upper Middle,2000,3.2,10.2,24.6
nan,BLZ,LAC,Upper Middle,2001,3.1,10.7,25.4
nan,BLZ,LAC,Upper Middle,2002,3.0,11.1,26.3
nan,BLZ,LAC,Upper Middle,2003,3.0,11.6,27.1
nan,BLZ,LAC,Upper Middle,2004,2.9,12.1,28.0
nan,BLZ,LAC,Upper Middle,2005,2.9,12.6,28.9
nan,BLZ,LAC,Upper Middle,2006,2.9,13.1,29.7
nan,BLZ,LAC,Upper Middle,2007,2.8,13.6,30.6
nan,BLZ,LAC,Upper Middle,2008,2.8,14.1,31.5
nan,BLZ,LAC,Upper Middle,2009,2.8,14.6,32.4
nan,BLZ,LAC,Upper Middle,2010,2.8,15.1,33.2
nan,BLZ,LAC,Upper Middle,2011,2.8,15.6,34.1
nan,BLZ,LAC,Upper Middle,2012,2.8,16.1,35.0
nan,BLZ,LAC,Upper Middle,2013,2.8,16.6,35.8
nan,BLZ,LAC,Upper Middle,2014,2.8,17.1,36.7
nan,BLZ,LAC,Upper Middle,2015,2.8,17.7,37.6
nan,BLZ,LAC,Upper Middle,2016,2.8,18.2,38.5
nan,BLZ,LAC,Upper Middle,2017,2.8,18.8,39.4
nan,BLZ,LAC,Upper Middle,2018,2.8,19.4,40.3
nan,BLZ,LAC,Upper Middle,2019,2.9,20.0,41.2
nan,BLZ,LAC,Upper Middle,2020,2.9,20.6,42.1
nan,BLZ,LAC,Upper Middle,2021,3.0,21.2,43.0
nan,BLZ,LAC,Upper Middle,2022,3.0,21.8,43.8
nan,BOL,LAC,Lower Middle,2000,1.3,5.6,23.1
nan,BOL,LAC,Lower Middle,2001,1.2,5.8,23.6
nan,BOL,LAC,Lower Middle,2002,1.2,6.1,24.1
nan,BOL,LAC,Lower Middle,2003,1.2,6.3,24.6
nan,BOL,LAC,Lower Middle,2004,1.1,6.6,25.1
nan,BOL,LAC,Lower Middle,2005,1.1,6.9,25.6
nan,BOL,LAC,Lower Middle,2006,1.1,7.3,26.2
nan,BOL,LAC,Lower Middle,2007,1.1,7.6,26.8
nan,BOL,LAC,Lower Middle,2008,1.1,8.0,27.4
nan,BOL,LAC,Lower Middle,2009,1.0,8.4,28.1
nan,BOL,LAC,Lower Middle,2010,1.0,8.9,28.8
nan,BOL,LAC,Lower Middle,2011,1.0,9.3,29.6
nan,BOL,LAC,Lower Middle,2012,1.0,9.8,30.4
nan,BOL,LAC,Lower Middle,2013,1.0,10.4,31.3
nan,BOL,LAC,Lower Middle,2014,1.0,10.9,32.2
nan,BOL,LAC,Lower Middle,2015,1.0,11.5,33.2
nan,BOL,LAC,Lower Middle,2016,1.1,12.1,34.1
nan,BOL,LAC,Lower Middle,2017,1.1,12.8,35.1
nan,BOL,LAC,Lower Middle,2018,1.1,13.5,36.2
nan,BOL,LAC,Lower Middle,2019,1.1,14.2,37.2
nan,BOL,LAC,Lower Middle,2020,1.1,14.9,38.3
nan,BOL,LAC,Lower Middle,2021,1.2,15.6,39.3
nan,BOL,LAC,Lower Middle,2022,1.2,16.3,40.3
nan,BRA,LAC,Upper Middle,2000,4.0,5.5,18.4
nan,BRA,LAC,Upper Middle,2001,3.9,5.7,19.0
nan,BRA,LAC,Upper Middle,2002,3.8,6.0,19.6
nan,BRA,LAC,Upper Middle,2003,3.7,6.4,20.3
nan,BRA,LAC,Upper Middle,2004,3.5,6.7,21.0
nan,BRA,LAC,Upper Middle,2005,3.4,7.2,21.8
nan,BRA,LAC,Upper Middle,2006,3.3,7.6,22.7
nan,BRA,LAC,Upper Middle,2007,3.1,8.1,23.6
nan,BRA,LAC,Upper Middle,2008,3.0,8.6,24.4
nan,BRA,LAC,Upper Middle,2009,2.9,9.1,25.3
nan,BRA,LAC,Upper Middle,2010,2.8,9.6,26.2
nan,BRA,LAC,Upper Middle,2011,2.8,10.1,27.0
nan,BRA,LAC,Upper Middle,2012,2.7,10.6,27.9
nan,BRA,LAC,Upper Middle,2013,2.6,11.1,28.7
nan,BRA,LAC,Upper Middle,2014,2.6,11.6,29.6
nan,BRA,LAC,Upper Middle,2015,2.6,12.1,30.4
nan,BRA,LAC,Upper Middle,2016,2.6,12.6,31.2
nan,BRA,LAC,Upper Middle,2017,2.6,13.1,32.0
nan,BRA,LAC,Upper Middle,2018,2.6,13.5,32.8
nan,BRA,LAC,Upper Middle,2019,2.6,14.0,33.6
nan,BRA,LAC,Upper Middle,2020,2.6,14.5,34.3
nan,BRA,LAC,Upper Middle,2021,2.6,15.0,35.1
nan,BRA,LAC,Upper Middle,2022,2.7,15.5,35.9
nan,BRB,LAC,High,2000,4.7,10.6,22.8
nan,BRB,LAC,High,2001,4.6,11.1,23.6
nan,BRB,LAC,High,2002,4.5,11.5,24.5
nan,BRB,LAC,High,2003,4.5,12.1,25.3
nan,BRB,LAC,High,2004,4.4,12.6,26.2
nan,BRB,LAC,High,2005,4.4,13.1,27.0
nan,BRB,LAC,High,2006,4.3,13.7,27.8
nan,BRB,LAC,High,2007,4.3,14.2,28.6
nan,BRB,LAC,High,2008,4.3,14.8,29.5
nan,BRB,LAC,High,2009,4.3,15.4,30.4
nan,BRB,LAC,High,2010,4.2,15.9,31.3
nan,BRB,LAC,High,2011,4.2,16.5,32.2
nan,BRB,LAC,High,2012,4.2,17.1,33.1
nan,BRB,LAC,High,2013,4.2,17.7,34.0
nan,BRB,LAC,High,2014,4.3,18.3,34.8
nan,BRB,LAC,High,2015,4.3,18.8,35.7
nan,BRB,LAC,High,2016,4.3,19.4,36.6
nan,BRB,LAC,High,2017,4.3,19.9,37.5
nan,BRB,LAC,High,2018,4.4,20.5,38.4
nan,BRB,LAC,High,2019,4.4,21.1,39.3
nan,BRB,LAC,High,2020,4.4,21.7,40.2
nan,BRB,LAC,High,2021,4.5,22.4,41.1
nan,BRB,LAC,High,2022,4.6,23.0,42.0
nan,BRN,EAP,High,2000,5.8,7.8,17.5
nan,BRN,EAP,High,2001,5.6,8.4,18.6
nan,BRN,EAP,High,2002,5.5,9.1,19.7
nan,BRN,EAP,High,2003,5.3,9.8,20.8
nan,BRN,EAP,High,2004,5.1,10.5,22.0
nan,BRN,EAP,High,2005,5.0,11.2,23.2
nan,BRN,EAP,High,2006,4.8,11.9,24.4
nan,BRN,EAP,High,2007,4.7,12.7,25.6
nan,BRN,EAP,High,2008,4.5,13.4,26.9
nan,BRN,EAP,High,2009,4.4,14.1,28.1
nan,BRN,EAP,High,2010,4.3,14.7,29.2
nan,BRN,EAP,High,2011,4.2,15.4,30.4
nan,BRN,EAP,High,2012,4.1,16.0,31.5
nan,BRN,EAP,High,2013,4.0,16.5,32.6
nan,BRN,EAP,High,2014,3.9,17.1,33.6
nan,BRN,EAP,High,2015,3.9,17.7,34.6
nan,BRN,EAP,High,2016,3.8,18.3,35.6
nan,BRN,EAP,High,2017,3.8,18.9,36.6
nan,BRN,EAP,High,2018,3.7,19.5,37.6
nan,BRN,EAP,High,2019,3.7,20.1,38.6
nan,BRN,EAP,High,2020,3.7,20.8,39.7
nan,BRN,EAP,High,2021,3.6,21.5,40.7
nan,BRN,EAP,High,2022,3.6,22.1,41.7
nan,BTN,SA,Lower Middle,2000,13.3,1.5,5.7
nan,BTN,SA,Lower Middle,2001,12.9,1.6,6.1
nan,BTN,SA,Lower Middle,2002,12.5,1.7,6.5
nan,BTN,SA,Lower Middle,2003,12.1,1.8,6.9
nan,BTN,SA,Lower Middle,2004,11.7,1.9,7.4
nan,BTN,SA,Lower Middle,2005,11.3,2.1,7.8
nan,BTN,SA,Lower Middle,2006,10.9,2.2,8.3
nan,BTN,SA,Lower Middle,2007,10.5,2.4,8.7
nan,BTN,SA,Lower Middle,2008,10.1,2.5,9.2
nan,BTN,SA,Lower Middle,2009,9.7,2.7,9.6
nan,BTN,SA,Lower Middle,2010,9.3,2.8,10.1
nan,BTN,SA,Lower Middle,2011,8.9,3.0,10.6
nan,BTN,SA,Lower Middle,2012,8.5,3.2,11.2
nan,BTN,SA,Lower Middle,2013,8.2,3.4,11.7
nan,BTN,SA,Lower Middle,2014,7.8,3.6,12.3
nan,BTN,SA,Lower Middle,2015,7.5,3.8,13.0
nan,BTN,SA,Lower Middle,2016,7.1,4.0,13.6
nan,BTN,SA,Lower Middle,2017,6.8,4.3,14.3
nan,BTN,SA,Lower Middle,2018,6.5,4.6,15.0
nan,BTN,SA,Lower Middle,2019,6.1,4.9,15.7
nan,BTN,SA,Lower Middle,2020,5.8,5.2,16.5
nan,BTN,SA,Lower Middle,2021,5.6,5.5,17.3
nan,BTN,SA,Lower Middle,2022,5.3,5.9,18.1
nan,BWA,ESA,Upper Middle,2000,12.6,1.7,6.2
nan,BWA,ESA,Upper Middle,2001,12.5,1.8,6.5
nan,BWA,ESA,Upper Middle,2002,12.3,1.9,6.9
nan,BWA,ESA,Upper Middle,2003,12.1,2.0,7.2
nan,BWA,ESA,Upper Middle,2004,11.9,2.2,7.6
nan,BWA,ESA,Upper Middle,2005,11.8,2.3,8.0
nan,BWA,ESA,Upper Middle,2006,11.6,2.5,8.3
nan,BWA,ESA,Upper Middle,2007,11.4,2.6,8.7
nan,BWA,ESA,Upper Middle,2008,11.2,2.8,9.1
nan,BWA,ESA,Upper Middle,2009,11.0,2.9,9.5
nan,BWA,ESA,Upper Middle,2010,10.9,3.1,9.8
nan,BWA,ESA,Upper Middle,2011,10.7,3.2,10.2
nan,BWA,ESA,Upper Middle,2012,10.5,3.4,10.5
nan,BWA,ESA,Upper Middle,2013,10.4,3.6,10.9
nan,BWA,ESA,Upper Middle,2014,10.3,3.8,11.3
nan,BWA,ESA,Upper Middle,2015,10.2,4.0,11.8
nan,BWA,ESA,Upper Middle,2016,10.0,4.2,12.2
nan,BWA,ESA,Upper Middle,2017,9.9,4.5,12.7
nan,BWA,ESA,Upper Middle,2018,9.8,4.7,13.3
nan,BWA,ESA,Upper Middle,2019,9.7,5.0,13.8
nan,BWA,ESA,Upper Middle,2020,9.6,5.4,14.4
nan,BWA,ESA,Upper Middle,2021,9.6,5.7,15.0
nan,BWA,ESA,Upper Middle,2022,9.5,6.1,15.7
nan,CAF,WCA,Low,2000,10.8,1.4,6.0
nan,CAF,WCA,Low,2001,10.6,1.5,6.4
nan,CAF,WCA,Low,2002,10.4,1.6,6.7
nan,CAF,WCA,Low,2003,10.2,1.7,7.0
nan,CAF,WCA,Low,2004,10.0,1.8,7.4
nan,CAF,WCA,Low,2005,9.8,1.9,7.7
nan,CAF,WCA,Low,2006,9.7,2.0,8.1
nan,CAF,WCA,Low,2007,9.5,2.2,8.4
nan,CAF,WCA,Low,2008,9.3,2.3,8.8
nan,CAF,WCA,Low,2009,9.2,2.4,9.1
nan,CAF,WCA,Low,2010,9.0,2.5,9.5
nan,CAF,WCA,Low,2011,8.9,2.7,9.8
nan,CAF,WCA,Low,2012,8.7,2.8,10.1
nan,CAF,WCA,Low,2013,8.6,3.0,10.5
nan,CAF,WCA,Low,2014,8.5,3.1,10.8
nan,CAF,WCA,Low,2015,8.4,3.3,11.2
nan,CAF,WCA,Low,2016,8.3,3.5,11.7
nan,CAF,WCA,Low,2017,8.2,3.7,12.1
nan,CAF,WCA,Low,2018,8.1,3.9,12.6
nan,CAF,WCA,Low,2019,8.0,4.2,13.1
nan,CAF,WCA,Low,2020,8.0,4.4,13.6
nan,CAF,WCA,Low,2021,7.9,4.7,14.1
nan,CAF,WCA,Low,2022,7.8,5.0,14.7
nan,CAN,nan,High,2000,1.2,8.3,26.2
nan,CAN,nan,High,2001,1.2,8.8,26.9
nan,CAN,nan,High,2002,1.2,9.2,27.5
nan,CAN,nan,High,2003,1.2,9.6,28.0
nan,CAN,nan,High,2004,1.2,10.0,28.5
nan,CAN,nan,High,2005,1.2,10.4,28.9
nan,CAN,nan,High,2006,1.2,10.7,29.2
nan,CAN,nan,High,2007,1.2,10.9,29.4
nan,CAN,nan,High,2008,1.2,11.2,29.6
nan,CAN,nan,High,2009,1.2,11.3,29.7
nan,CAN,nan,High,2010,1.2,11.4,29.7
nan,CAN,nan,High,2011,1.2,11.5,29.6
nan,CAN,nan,High,2012,1.2,11.5,29.5
nan,CAN,nan,High,2013,1.3,11.5,29.4
nan,CAN,nan,High,2014,1.3,11.4,29.2
nan,CAN,nan,High,2015,1.3,11.3,29.0
nan,CAN,nan,High,2016,1.4,11.3,28.9
nan,CAN,nan,High,2017,1.4,11.2,28.7
nan,CAN,nan,High,2018,1.5,11.1,28.6
nan,CAN,nan,High,2019,1.5,11.1,28.4
nan,CAN,nan,High,2020,1.6,11.0,28.3
nan,CAN,nan,High,2021,1.7,11.0,28.1
nan,CAN,nan,High,2022,1.7,10.9,28.0
nan,CHE,WE,High,2000,1.3,5.2,21.7
nan,CHE,WE,High,2001,1.4,5.3,21.9
nan,CHE,WE,High,2002,1.4,5.5,22.1
nan,CHE,WE,High,2003,1.4,5.6,22.3
nan,CHE,WE,High,2004,1.4,5.7,22.4
nan,CHE,WE,High,2005,1.4,5.8,22.5
nan,CHE,WE,High,2006,1.4,5.9,22.6
nan,CHE,WE,High,2007,1.4,6.0,22.7
nan,CHE,WE,High,2008,1.4,6.1,22.8
nan,CHE,WE,High,2009,1.4,6.3,22.9
nan,CHE,WE,High,2010,1.5,6.4,23.0
nan,CHE,WE,High,2011,1.5,6.5,23.0
nan,CHE,WE,High,2012,1.5,6.5,23.0
nan,CHE,WE,High,2013,1.5,6.6,23.0
nan,CHE,WE,High,2014,1.5,6.6,23.0
nan,CHE,WE,High,2015,1.5,6.7,22.9
nan,CHE,WE,High,2016,1.6,6.7,22.9
nan,CHE,WE,High,2017,1.6,6.7,22.8
nan,CHE,WE,High,2018,1.6,6.8,22.7
nan,CHE,WE,High,2019,1.6,6.8,22.6
nan,CHE,WE,High,2020,1.6,6.9,22.5
nan,CHE,WE,High,2021,1.6,6.9,22.4
nan,CHE,WE,High,2022,1.7,7.0,22.3
nan,CHL,LAC,High,2000,1.2,13.7,32.3
nan,CHL,LAC,High,2001,1.1,14.4,33.6
nan,CHL,LAC,High,2002,1.1,15.0,34.9
nan,CHL,LAC,High,2003,1.0,15.7,36.1
nan,CHL,LAC,High,2004,1.0,16.3,37.4
nan,CHL,LAC,High,2005,0.9,17.0,38.6
nan,CHL,LAC,High,2006,0.9,17.6,39.8
nan,CHL,LAC,High,2007,0.9,18.3,41.1
nan,CHL,LAC,High,2008,0.8,18.9,42.3
nan,CHL,LAC,High,2009,0.8,19.5,43.5
nan,CHL,LAC,High,2010,0.8,20.2,44.7
nan,CHL,LAC,High,2011,0.8,20.8,45.8
nan,CHL,LAC,High,2012,0.8,21.4,47.0
nan,CHL,LAC,High,2013,0.8,22.0,48.2
nan,CHL,LAC,High,2014,0.8,22.7,49.3
nan,CHL,LAC,High,2015,0.8,23.4,50.5
nan,CHL,LAC,High,2016,0.8,24.0,51.6
nan,CHL,LAC,High,2017,0.8,24.6,52.7
nan,CHL,LAC,High,2018,0.9,25.2,53.8
nan,CHL,LAC,High,2019,0.9,25.8,54.8
nan,CHL,LAC,High,2020,0.9,26.4,55.9
nan,CHL,LAC,High,2021,1.0,26.9,56.9
nan,CHL,LAC,High,2022,1.0,27.5,57.9
nan,CHN,EAP,Upper Middle,2000,6.4,2.2,9.2
nan,CHN,EAP,Upper Middle,2001,6.4,2.4,9.7
nan,CHN,EAP,Upper Middle,2002,6.3,2.5,10.3
nan,CHN,EAP,Upper Middle,2003,6.2,2.8,10.9
nan,CHN,EAP,Upper Middle,2004,6.1,3.0,11.6
nan,CHN,EAP,Upper Middle,2005,5.9,3.2,12.3
nan,CHN,EAP,Upper Middle,2006,5.8,3.6,13.1
nan,CHN,EAP,Upper Middle,2007,5.7,3.9,14.1
nan,CHN,EAP,Upper Middle,2008,5.5,4.3,15.0
nan,CHN,EAP,Upper Middle,2009,5.4,4.8,16.0
nan,CHN,EAP,Upper Middle,2010,5.2,5.3,17.0
nan,CHN,EAP,Upper Middle,2011,5.0,5.9,17.9
nan,CHN,EAP,Upper Middle,2012,4.9,6.4,18.8
nan,CHN,EAP,Upper Middle,2013,4.7,6.9,19.5
nan,CHN,EAP,Upper Middle,2014,4.6,7.5,20.0
nan,CHN,EAP,Upper Middle,2015,4.4,8.0,20.5
nan,CHN,EAP,Upper Middle,2016,4.3,8.5,20.9
nan,CHN,EAP,Upper Middle,2017,4.2,9.0,21.2
nan,CHN,EAP,Upper Middle,2018,4.1,9.6,21.5
nan,CHN,EAP,Upper Middle,2019,3.9,10.1,21.8
nan,CHN,EAP,Upper Middle,2020,3.8,10.7,22.1
nan,CHN,EAP,Upper Middle,2021,3.7,11.3,22.5
nan,CHN,EAP,Upper Middle,2022,3.7,11.9,22.8
nan,CIV,WCA,Lower Middle,2000,8.0,1.7,9.0
nan,CIV,WCA,Lower Middle,2001,7.9,1.8,9.3
nan,CIV,WCA,Lower Middle,2002,7.7,2.0,9.7
nan,CIV,WCA,Lower Middle,2003,7.5,2.1,10.1
nan,CIV,WCA,Lower Middle,2004,7.4,2.3,10.5
nan,CIV,WCA,Lower Middle,2005,7.2,2.4,10.9
nan,CIV,WCA,Lower Middle,2006,7.1,2.6,11.2
nan,CIV,WCA,Lower Middle,2007,7.0,2.7,11.5
nan,CIV,WCA,Lower Middle,2008,6.9,2.8,11.8
nan,CIV,WCA,Lower Middle,2009,6.8,2.9,12.1
nan,CIV,WCA,Lower Middle,2010,6.8,3.1,12.4
nan,CIV,WCA,Lower Middle,2011,6.8,3.2,12.6
nan,CIV,WCA,Lower Middle,2012,6.7,3.3,12.8
nan,CIV,WCA,Lower Middle,2013,6.7,3.4,13.1
nan,CIV,WCA,Lower Middle,2014,6.7,3.6,13.3
nan,CIV,WCA,Lower Middle,2015,6.8,3.7,13.6
nan,CIV,WCA,Lower Middle,2016,6.8,3.9,14.0
nan,CIV,WCA,Lower Middle,2017,6.8,4.1,14.3
nan,CIV,WCA,Lower Middle,2018,6.8,4.3,14.7
nan,CIV,WCA,Lower Middle,2019,6.9,4.5,15.1
nan,CIV,WCA,Lower Middle,2020,6.9,4.8,15.5
nan,CIV,WCA,Lower Middle,2021,7.0,5.1,16.0
nan,CIV,WCA,Lower Middle,2022,7.0,5.4,16.4
nan,CMR,WCA,Lower Middle,2000,6.5,1.2,9.4
nan,CMR,WCA,Lower Middle,2001,6.3,1.3,9.8
nan,CMR,WCA,Lower Middle,2002,6.1,1.4,10.2
nan,CMR,WCA,Lower Middle,2003,6.0,1.4,10.5
nan,CMR,WCA,Lower Middle,2004,5.8,1.5,10.9
nan,CMR,WCA,Lower Middle,2005,5.7,1.6,11.2
nan,CMR,WCA,Lower Middle,2006,5.5,1.7,11.6
nan,CMR,WCA,Lower Middle,2007,5.4,1.8,11.9
nan,CMR,WCA,Lower Middle,2008,5.3,1.9,12.1
nan,CMR,WCA,Lower Middle,2009,5.1,2.0,12.4
nan,CMR,WCA,Lower Middle,2010,5.1,2.1,12.6
nan,CMR,WCA,Lower Middle,2011,5.0,2.2,12.8
nan,CMR,WCA,Lower Middle,2012,4.9,2.3,13.1
nan,CMR,WCA,Lower Middle,2013,4.9,2.4,13.3
nan,CMR,WCA,Lower Middle,2014,4.8,2.5,13.6
nan,CMR,WCA,Lower Middle,2015,4.8,2.6,13.9
nan,CMR,WCA,Lower Middle,2016,4.8,2.8,14.2
nan,CMR,WCA,Lower Middle,2017,4.7,3.0,14.6
nan,CMR,WCA,Lower Middle,2018,4.7,3.2,15.0
nan,CMR,WCA,Lower Middle,2019,4.7,3.4,15.4
nan,CMR,WCA,Lower Middle,2020,4.7,3.7,15.9
nan,CMR,WCA,Lower Middle,2021,4.7,3.9,16.3
nan,CMR,WCA,Lower Middle,2022,4.7,4.2,16.8
nan,COD,WCA,Low,2000,11.9,1.3,5.0
nan,COD,WCA,Low,2001,11.7,1.4,5.3
nan,COD,WCA,Low,2002,11.4,1.5,5.6
nan,COD,WCA,Low,2003,11.2,1.6,6.0
nan,COD,WCA,Low,2004,10.9,1.7,6.3
nan,COD,WCA,Low,2005,10.7,1.8,6.7
nan,COD,WCA,Low,2006,10.4,1.9,7.0
nan,COD,WCA,Low,2007,10.2,2.0,7.4
nan,COD,WCA,Low,2008,9.9,2.1,7.8
nan,COD,WCA,Low,2009,9.6,2.2,8.2
nan,COD,WCA,Low,2010,9.3,2.4,8.6
nan,COD,WCA,Low,2011,9.0,2.5,9.0
nan,COD,WCA,Low,2012,8.7,2.6,9.4
nan,COD,WCA,Low,2013,8.5,2.7,9.9
nan,COD,WCA,Low,2014,8.2,2.9,10.3
nan,COD,WCA,Low,2015,8.0,3.0,10.8
nan,COD,WCA,Low,2016,7.7,3.2,11.4
nan,COD,WCA,Low,2017,7.5,3.4,11.9
nan,COD,WCA,Low,2018,7.3,3.6,12.5
nan,COD,WCA,Low,2019,7.1,3.8,13.1
nan,COD,WCA,Low,2020,6.9,4.1,13.8
nan,COD,WCA,Low,2021,6.8,4.3,14.4
nan,COD,WCA,Low,2022,6.6,4.6,15.1
nan,COG,WCA,Lower Middle,2000,9.7,0.5,4.3
nan,COG,WCA,Lower Middle,2001,9.5,0.6,4.5
nan,COG,WCA,Lower Middle,2002,9.4,0.6,4.8
nan,COG,WCA,Lower Middle,2003,9.2,0.7,5.0
nan,COG,WCA,Lower Middle,2004,9.1,0.7,5.3
nan,COG,WCA,Lower Middle,2005,8.9,0.8,5.5
nan,COG,WCA,Lower Middle,2006,8.8,0.8,5.7
nan,COG,WCA,Lower Middle,2007,8.6,0.9,6.0
nan,COG,WCA,Lower Middle,2008,8.5,1.0,6.2
nan,COG,WCA,Lower Middle,2009,8.4,1.0,6.4
nan,COG,WCA,Lower Middle,2010,8.2,1.1,6.6
nan,COG,WCA,Lower Middle,2011,8.1,1.2,6.8
nan,COG,WCA,Lower Middle,2012,8.0,1.3,7.0
nan,COG,WCA,Lower Middle,2013,7.8,1.4,7.3
nan,COG,WCA,Lower Middle,2014,7.7,1.5,7.5
nan,COG,WCA,Lower Middle,2015,7.6,1.6,7.8
nan,COG,WCA,Lower Middle,2016,7.5,1.7,8.1
nan,COG,WCA,Lower Middle,2017,7.5,1.8,8.5
nan,COG,WCA,Lower Middle,2018,7.4,2.0,8.8
nan,COG,WCA,Lower Middle,2019,7.4,2.2,9.3
nan,COG,WCA,Lower Middle,2020,7.3,2.4,9.7
nan,COG,WCA,Lower Middle,2021,7.3,2.6,10.1
nan,COG,WCA,Lower Middle,2022,7.3,2.8,10.6
nan,COK,EAP,Not Classified,2000,0.8,16.4,42.8
nan,COK,EAP,Not Classified,2001,0.8,17.2,43.9
nan,COK,EAP,Not Classified,2002,0.8,18.0,44.9
nan,COK,EAP,Not Classified,2003,0.8,18.9,46.0
nan,COK,EAP,Not Classified,2004,0.8,19.8,47.1
nan,COK,EAP,Not Classified,2005,0.8,20.8,48.2
nan,COK,EAP,Not Classified,2006,0.7,21.8,49.3
nan,COK,EAP,Not Classified,2007,0.7,22.8,50.4
nan,COK,EAP,Not Classified,2008,0.7,23.7,51.3
nan,COK,EAP,Not Classified,2009,0.7,24.6,52.2
nan,COK,EAP,Not Classified,2010,0.7,25.5,52.8
nan,COK,EAP,Not Classified,2011,0.7,26.3,53.4
nan,COK,EAP,Not Classified,2012,0.7,27.2,54.1
nan,COK,EAP,Not Classified,2013,0.7,28.2,55.0
nan,COK,EAP,Not Classified,2014,0.8,29.2,55.8
nan,COK,EAP,Not Classified,2015,0.8,30.3,56.7
nan,COK,EAP,Not Classified,2016,0.8,31.3,57.5
nan,COK,EAP,Not Classified,2017,0.8,32.4,58.4
nan,COK,EAP,Not Classified,2018,0.8,33.4,59.2
nan,COK,EAP,Not Classified,2019,0.8,34.5,60.1
nan,COK,EAP,Not Classified,2020,0.8,35.5,60.9
nan,COK,EAP,Not Classified,2021,0.8,36.5,61.6
nan,COK,EAP,Not Classified,2022,0.9,37.5,62.3
nan,COL,LAC,Upper Middle,2000,3.1,2.4,13.0
nan,COL,LAC,Upper Middle,2001,3.0,2.5,13.4
nan,COL,LAC,Upper Middle,2002,2.9,2.6,13.7
nan,COL,LAC,Upper Middle,2003,2.9,2.8,14.0
nan,COL,LAC,Upper Middle,2004,2.8,3.0,14.4
nan,COL,LAC,Upper Middle,2005,2.8,3.2,14.8
nan,COL,LAC,Upper Middle,2006,2.7,3.4,15.3
nan,COL,LAC,Upper Middle,2007,2.6,3.7,15.8
nan,COL,LAC,Upper Middle,2008,2.6,3.9,16.4
nan,COL,LAC,Upper Middle,2009,2.5,4.2,17.1
nan,COL,LAC,Upper Middle,2010,2.4,4.6,17.8
nan,COL,LAC,Upper Middle,2011,2.4,4.9,18.5
nan,COL,LAC,Upper Middle,2012,2.3,5.3,19.3
nan,COL,LAC,Upper Middle,2013,2.3,5.7,20.1
nan,COL,LAC,Upper Middle,2014,2.2,6.2,20.9
nan,COL,LAC,Upper Middle,2015,2.2,6.7,21.7
nan,COL,LAC,Upper Middle,2016,2.2,7.2,22.5
nan,COL,LAC,Upper Middle,2017,2.1,7.7,23.4
nan,COL,LAC,Upper Middle,2018,2.1,8.2,24.2
nan,COL,LAC,Upper Middle,2019,2.1,8.8,25.0
nan,COL,LAC,Upper Middle,2020,2.1,9.3,25.9
nan,COL,LAC,Upper Middle,2021,2.1,9.9,26.7
nan,COL,LAC,Upper Middle,2022,2.1,10.6,27.6
nan,COM,ESA,Lower Middle,2000,8.1,1.3,6.9
nan,COM,ESA,Lower Middle,2001,7.9,1.4,7.2
nan,COM,ESA,Lower Middle,2002,7.7,1.5,7.4
nan,COM,ESA,Lower Middle,2003,7.6,1.6,7.7
nan,COM,ESA,Lower Middle,2004,7.5,1.7,8.0
nan,COM,ESA,Lower Middle,2005,7.3,1.8,8.2
nan,COM,ESA,Lower Middle,2006,7.2,1.9,8.5
nan,COM,ESA,Lower Middle,2007,7.1,2.0,8.7
nan,COM,ESA,Lower Middle,2008,7.0,2.1,9.0
nan,COM,ESA,Lower Middle,2009,6.9,2.2,9.2
nan,COM,ESA,Lower Middle,2010,6.8,2.3,9.4
nan,COM,ESA,Lower Middle,2011,6.7,2.4,9.7
nan,COM,ESA,Lower Middle,2012,6.6,2.6,10.0
nan,COM,ESA,Lower Middle,2013,6.5,2.7,10.2
nan,COM,ESA,Lower Middle,2014,6.5,2.8,10.5
nan,COM,ESA,Lower Middle,2015,6.4,3.0,10.8
nan,COM,ESA,Lower Middle,2016,6.3,3.1,11.1
nan,COM,ESA,Lower Middle,2017,6.3,3.3,11.5
nan,COM,ESA,Lower Middle,2018,6.2,3.5,11.9
nan,COM,ESA,Lower Middle,2019,6.2,3.7,12.3
nan,COM,ESA,Lower Middle,2020,6.2,4.0,12.7
nan,COM,ESA,Lower Middle,2021,6.1,4.2,13.1
nan,COM,ESA,Lower Middle,2022,6.1,4.5,13.5
nan,CPV,WCA,Lower Middle,2000,10.8,1.4,6.3
nan,CPV,WCA,Lower Middle,2001,10.7,1.5,6.6
nan,CPV,WCA,Lower Middle,2002,10.5,1.6,6.9
nan,CPV,WCA,Lower Middle,2003,10.3,1.7,7.2
nan,CPV,WCA,Lower Middle,2004,10.2,1.8,7.5
nan,CPV,WCA,Lower Middle,2005,10.0,1.9,7.8
nan,CPV,WCA,Lower Middle,2006,9.9,2.0,8.0
nan,CPV,WCA,Lower Middle,2007,9.8,2.1,8.3
nan,CPV,WCA,Lower Middle,2008,9.6,2.2,8.6
nan,CPV,WCA,Lower Middle,2009,9.5,2.2,8.8
nan,CPV,WCA,Lower Middle,2010,9.4,2.3,9.1
nan,CPV,WCA,Lower Middle,2011,9.3,2.4,9.3
nan,CPV,WCA,Lower Middle,2012,9.2,2.5,9.5
nan,CPV,WCA,Lower Middle,2013,9.2,2.6,9.8
nan,CPV,WCA,Lower Middle,2014,9.1,2.7,10.0
nan,CPV,WCA,Lower Middle,2015,9.1,2.8,10.3
nan,CPV,WCA,Lower Middle,2016,9.1,3.0,10.6
nan,CPV,WCA,Lower Middle,2017,9.1,3.1,11.0
nan,CPV,WCA,Lower Middle,2018,9.1,3.3,11.3
nan,CPV,WCA,Lower Middle,2019,9.1,3.5,11.7
nan,CPV,WCA,Lower Middle,2020,9.2,3.7,12.1
nan,CPV,WCA,Lower Middle,2021,9.2,3.9,12.6
nan,CPV,WCA,Lower Middle,2022,9.2,4.2,13.0
nan,CRI,LAC,Upper Middle,2000,2.8,7.0,22.1
nan,CRI,LAC,Upper Middle,2001,2.7,7.3,22.7
nan,CRI,LAC,Upper Middle,2002,2.7,7.6,23.3
nan,CRI,LAC,Upper Middle,2003,2.6,7.9,23.9
nan,CRI,LAC,Upper Middle,2004,2.6,8.3,24.5
nan,CRI,LAC,Upper Middle,2005,2.6,8.6,25.0
nan,CRI,LAC,Upper Middle,2006,2.5,8.9,25.5
nan,CRI,LAC,Upper Middle,2007,2.5,9.2,26.1
nan,CRI,LAC,Upper Middle,2008,2.5,9.5,26.6
nan,CRI,LAC,Upper Middle,2009,2.5,9.8,27.1
nan,CRI,LAC,Upper Middle,2010,2.5,10.0,27.6
nan,CRI,LAC,Upper Middle,2011,2.4,10.3,28.1
nan,CRI,LAC,Upper Middle,2012,2.4,10.6,28.6
nan,CRI,LAC,Upper Middle,2013,2.4,10.8,29.1
nan,CRI,LAC,Upper Middle,2014,2.5,11.1,29.6
nan,CRI,LAC,Upper Middle,2015,2.5,11.4,30.1
nan,CRI,LAC,Upper Middle,2016,2.5,11.7,30.6
nan,CRI,LAC,Upper Middle,2017,2.5,12.0,31.1
nan,CRI,LAC,Upper Middle,2018,2.6,12.4,31.7
nan,CRI,LAC,Upper Middle,2019,2.6,12.7,32.2
nan,CRI,LAC,Upper Middle,2020,2.7,13.1,32.8
nan,CRI,LAC,Upper Middle,2021,2.7,13.4,33.3
nan,CRI,LAC,Upper Middle,2022,2.8,13.8,33.9
nan,CUB,LAC,Upper Middle,2000,5.6,9.1,19.1
nan,CUB,LAC,Upper Middle,2001,5.5,9.3,19.6
nan,CUB,LAC,Upper Middle,2002,5.5,9.5,20.2
nan,CUB,LAC,Upper Middle,2003,5.4,9.8,20.7
nan,CUB,LAC,Upper Middle,2004,5.4,10.0,21.3
nan,CUB,LAC,Upper Middle,2005,5.3,10.3,21.9
nan,CUB,LAC,Upper Middle,2006,5.3,10.6,22.6
nan,CUB,LAC,Upper Middle,2007,5.4,10.9,23.2
nan,CUB,LAC,Upper Middle,2008,5.4,11.2,24.0
nan,CUB,LAC,Upper Middle,2009,5.4,11.5,24.8
nan,CUB,LAC,Upper Middle,2010,5.5,11.9,25.6
nan,CUB,LAC,Upper Middle,2011,5.5,12.2,26.4
nan,CUB,LAC,Upper Middle,2012,5.6,12.5,27.2
nan,CUB,LAC,Upper Middle,2013,5.7,12.8,28.0
nan,CUB,LAC,Upper Middle,2014,5.7,13.2,28.9
nan,CUB,LAC,Upper Middle,2015,5.8,13.6,29.8
nan,CUB,LAC,Upper Middle,2016,5.9,14.0,30.8
nan,CUB,LAC,Upper Middle,2017,5.9,14.5,31.8
nan,CUB,LAC,Upper Middle,2018,6.0,15.0,32.8
nan,CUB,LAC,Upper Middle,2019,6.1,15.6,33.8
nan,CUB,LAC,Upper Middle,2020,6.2,16.1,34.9
nan,CUB,LAC,Upper Middle,2021,6.3,16.6,36.1
nan,CUB,LAC,Upper Middle,2022,6.4,17.1,37.1
nan,CYP,WE,High,2000,2.0,10.1,27.5
nan,CYP,WE,High,2001,2.0,10.4,28.1
nan,CYP,WE,High,2002,2.0,10.8,28.7
nan,CYP,WE,High,2003,2.0,11.1,29.2
nan,CYP,WE,High,2004,1.9,11.4,29.7
nan,CYP,WE,High,2005,1.9,11.7,30.1
nan,CYP,WE,High,2006,1.9,12.0,30.4
nan,CYP,WE,High,2007,1.9,12.2,30.6
nan,CYP,WE,High,2008,1.9,12.4,30.8
nan,CYP,WE,High,2009,1.9,12.5,31.0
nan,CYP,WE,High,2010,1.9,12.7,31.2
nan,CYP,WE,High,2011,2.0,12.8,31.3
nan,CYP,WE,High,2012,2.1,13.0,31.5
nan,CYP,WE,High,2013,2.2,13.1,31.6
nan,CYP,WE,High,2014,2.3,13.2,31.7
nan,CYP,WE,High,2015,2.4,13.3,31.8
nan,CYP,WE,High,2016,2.5,13.4,32.0
nan,CYP,WE,High,2017,2.6,13.5,32.1
nan,CYP,WE,High,2018,2.7,13.6,32.3
nan,CYP,WE,High,2019,2.8,13.8,32.5
nan,CYP,WE,High,2020,2.9,13.9,32.7
nan,CYP,WE,High,2021,3.0,14.0,32.8
nan,CYP,WE,High,2022,3.1,14.1,33.0
nan,CZE,WE,High,2000,2.6,3.7,15.8
nan,CZE,WE,High,2001,2.6,3.8,16.0
nan,CZE,WE,High,2002,2.6,3.9,16.1
nan,CZE,WE,High,2003,2.5,4.0,16.2
nan,CZE,WE,High,2004,2.5,4.1,16.4
nan,CZE,WE,High,2005,2.5,4.2,16.5
nan,CZE,WE,High,2006,2.5,4.4,16.7
nan,CZE,WE,High,2007,2.4,4.6,16.8
nan,CZE,WE,High,2008,2.4,4.7,16.9
nan,CZE,WE,High,2009,2.5,4.9,17.1
nan,CZE,WE,High,2010,2.5,5.0,17.2
nan,CZE,WE,High,2011,2.5,5.2,17.4
nan,CZE,WE,High,2012,2.6,5.4,17.6
nan,CZE,WE,High,2013,2.7,5.6,17.8
nan,CZE,WE,High,2014,2.8,5.7,17.9
nan,CZE,WE,High,2015,2.8,5.8,17.8
nan,CZE,WE,High,2016,2.9,5.8,17.8
nan,CZE,WE,High,2017,3.0,5.9,17.6
nan,CZE,WE,High,2018,3.0,5.9,17.5
nan,CZE,WE,High,2019,3.1,5.9,17.3
nan,CZE,WE,High,2020,3.2,5.9,17.2
nan,CZE,WE,High,2021,3.3,6.0,17.0
nan,CZE,WE,High,2022,3.3,6.0,16.9
nan,DEU,WE,High,2000,1.3,7.5,23.9
nan,DEU,WE,High,2001,1.3,7.7,24.3
nan,DEU,WE,High,2002,1.3,7.9,24.6
nan,DEU,WE,High,2003,1.3,8.0,24.9
nan,DEU,WE,High,2004,1.3,8.1,25.1
nan,DEU,WE,High,2005,1.3,8.2,25.2
nan,DEU,WE,High,2006,1.3,8.3,25.3
nan,DEU,WE,High,2007,1.4,8.4,25.5
nan,DEU,WE,High,2008,1.4,8.4,25.5
nan,DEU,WE,High,2009,1.4,8.4,25.6
nan,DEU,WE,High,2010,1.4,8.4,25.6
nan,DEU,WE,High,2011,1.5,8.4,25.6
nan,DEU,WE,High,2012,1.5,8.4,25.6
nan,DEU,WE,High,2013,1.5,8.3,25.5
nan,DEU,WE,High,2014,1.5,8.3,25.4
nan,DEU,WE,High,2015,1.6,8.3,25.4
nan,DEU,WE,High,2016,1.6,8.3,25.3
nan,DEU,WE,High,2017,1.6,8.3,25.3
nan,DEU,WE,High,2018,1.7,8.4,25.4
nan,DEU,WE,High,2019,1.7,8.4,25.4
nan,DEU,WE,High,2020,1.7,8.4,25.4
nan,DEU,WE,High,2021,1.8,8.5,25.4
nan,DEU,WE,High,2022,1.8,8.5,25.4
nan,DJI,ESA,Lower Middle,2000,9.0,1.0,5.6
nan,DJI,ESA,Lower Middle,2001,8.8,1.1,5.8
nan,DJI,ESA,Lower Middle,2002,8.7,1.1,6.0
nan,DJI,ESA,Lower Middle,2003,8.6,1.2,6.2
nan,DJI,ESA,Lower Middle,2004,8.4,1.3,6.4
nan,DJI,ESA,Lower Middle,2005,8.3,1.4,6.6
nan,DJI,ESA,Lower Middle,2006,8.2,1.5,6.9
nan,DJI,ESA,Lower Middle,2007,8.0,1.5,7.1
nan,DJI,ESA,Lower Middle,2008,7.9,1.6,7.3
nan,DJI,ESA,Lower Middle,2009,7.8,1.7,7.5
nan,DJI,ESA,Lower Middle,2010,7.7,1.8,7.7
nan,DJI,ESA,Lower Middle,2011,7.7,1.9,7.9
nan,DJI,ESA,Lower Middle,2012,7.6,2.0,8.1
nan,DJI,ESA,Lower Middle,2013,7.6,2.1,8.3
nan,DJI,ESA,Lower Middle,2014,7.5,2.2,8.6
nan,DJI,ESA,Lower Middle,2015,7.5,2.3,8.8
nan,DJI,ESA,Lower Middle,2016,7.4,2.4,9.1
nan,DJI,ESA,Lower Middle,2017,7.4,2.5,9.4
nan,DJI,ESA,Lower Middle,2018,7.3,2.7,9.7
nan,DJI,ESA,Lower Middle,2019,7.3,2.8,10.0
nan,DJI,ESA,Lower Middle,2020,7.3,3.0,10.4
nan,DJI,ESA,Lower Middle,2021,7.3,3.2,10.8
nan,DJI,ESA,Lower Middle,2022,7.2,3.4,11.2
nan,DMA,LAC,Upper Middle,2000,3.6,8.3,19.9
nan,DMA,LAC,Upper Middle,2001,3.5,8.7,20.6
nan,DMA,LAC,Upper Middle,2002,3.5,9.1,21.3
nan,DMA,LAC,Upper Middle,2003,3.4,9.4,22.0
nan,DMA,LAC,Upper Middle,2004,3.4,9.8,22.7
nan,DMA,LAC,Upper Middle,2005,3.3,10.2,23.4
nan,DMA,LAC,Upper Middle,2006,3.3,10.5,24.1
nan,DMA,LAC,Upper Middle,2007,3.3,10.9,24.8
nan,DMA,LAC,Upper Middle,2008,3.2,11.3,25.4
nan,DMA,LAC,Upper Middle,2009,3.2,11.7,26.1
nan,DMA,LAC,Upper Middle,2010,3.2,12.1,26.8
nan,DMA,LAC,Upper Middle,2011,3.2,12.6,27.6
nan,DMA,LAC,Upper Middle,2012,3.2,13.0,28.3
nan,DMA,LAC,Upper Middle,2013,3.2,13.5,29.1
nan,DMA,LAC,Upper Middle,2014,3.2,14.1,30.0
nan,DMA,LAC,Upper Middle,2015,3.3,14.6,30.8
nan,DMA,LAC,Upper Middle,2016,3.3,15.1,31.6
nan,DMA,LAC,Upper Middle,2017,3.3,15.7,32.5
nan,DMA,LAC,Upper Middle,2018,3.4,16.2,33.3
nan,DMA,LAC,Upper Middle,2019,3.4,16.8,34.2
nan,DMA,LAC,Upper Middle,2020,3.5,17.3,35.1
nan,DMA,LAC,Upper Middle,2021,3.5,17.9,36.0
nan,DMA,LAC,Upper Middle,2022,3.6,18.5,36.8
nan,DNK,WE,High,2000,1.5,6.2,24.1
nan,DNK,WE,High,2001,1.5,6.2,24.2
nan,DNK,WE,High,2002,1.5,6.1,24.1
nan,DNK,WE,High,2003,1.5,6.0,24.0
nan,DNK,WE,High,2004,1.5,5.9,23.9
nan,DNK,WE,High,2005,1.5,5.8,23.6
nan,DNK,WE,High,2006,1.5,5.7,23.3
nan,DNK,WE,High,2007,1.6,5.6,23.0
nan,DNK,WE,High,2008,1.6,5.5,22.7
nan,DNK,WE,High,2009,1.6,5.4,22.3
nan,DNK,WE,High,2010,1.7,5.3,22.0
nan,DNK,WE,High,2011,1.7,5.2,21.6
nan,DNK,WE,High,2012,1.8,5.2,21.3
nan,DNK,WE,High,2013,1.8,5.1,21.0
nan,DNK,WE,High,2014,1.9,5.1,20.7
nan,DNK,WE,High,2015,2.0,5.1,20.4
nan,DNK,WE,High,2016,2.1,5.2,20.2
nan,DNK,WE,High,2017,2.2,5.2,20.0
nan,DNK,WE,High,2018,2.3,5.3,19.8
nan,DNK,WE,High,2019,2.4,5.4,19.6
nan,DNK,WE,High,2020,2.5,5.4,19.4
nan,DNK,WE,High,2021,2.6,5.5,19.2
nan,DNK,WE,High,2022,2.7,5.6,19.0
nan,DOM,LAC,Upper Middle,2000,4.4,5.3,15.8
nan,DOM,LAC,Upper Middle,2001,4.3,5.6,16.3
nan,DOM,LAC,Upper Middle,2002,4.3,5.9,16.8
nan,DOM,LAC,Upper Middle,2003,4.3,6.1,17.4
nan,DOM,LAC,Upper Middle,2004,4.3,6.4,17.9
nan,DOM,LAC,Upper Middle,2005,4.3,6.7,18.5
nan,DOM,LAC,Upper Middle,2006,4.3,7.1,19.1
nan,DOM,LAC,Upper Middle,2007,4.3,7.4,19.7
nan,DOM,LAC,Upper Middle,2008,4.4,7.7,20.3
nan,DOM,LAC,Upper Middle,2009,4.4,8.1,21.0
nan,DOM,LAC,Upper Middle,2010,4.4,8.5,21.6
nan,DOM,LAC,Upper Middle,2011,4.5,8.9,22.4
nan,DOM,LAC,Upper Middle,2012,4.5,9.3,23.1
nan,DOM,LAC,Upper Middle,2013,4.6,9.8,23.9
nan,DOM,LAC,Upper Middle,2014,4.6,10.3,24.8
nan,DOM,LAC,Upper Middle,2015,4.7,10.9,25.7
nan,DOM,LAC,Upper Middle,2016,4.7,11.5,26.6
nan,DOM,LAC,Upper Middle,2017,4.8,12.1,27.6
nan,DOM,LAC,Upper Middle,2018,4.8,12.7,28.6
nan,DOM,LAC,Upper Middle,2019,4.9,13.4,29.6
nan,DOM,LAC,Upper Middle,2020,5.0,14.1,30.6
nan,DOM,LAC,Upper Middle,2021,5.1,14.8,31.7
nan,DOM,LAC,Upper Middle,2022,5.2,15.5,32.8
nan,DZA,MENA,Upper Middle,2000,4.9,7.2,19.9
nan,DZA,MENA,Upper Middle,2001,4.8,7.5,20.5
nan,DZA,MENA,Upper Middle,2002,4.7,7.8,21.0
nan,DZA,MENA,Upper Middle,2003,4.6,8.1,21.6
nan,DZA,MENA,Upper Middle,2004,4.6,8.4,22.1
nan,DZA,MENA,Upper Middle,2005,4.5,8.7,22.6
nan,DZA,MENA,Upper Middle,2006,4.5,9.0,23.1
nan,DZA,MENA,Upper Middle,2007,4.4,9.3,23.5
nan,DZA,MENA,Upper Middle,2008,4.4,9.6,23.9
nan,DZA,MENA,Upper Middle,2009,4.4,9.9,24.3
nan,DZA,MENA,Upper Middle,2010,4.3,10.2,24.7
nan,DZA,MENA,Upper Middle,2011,4.3,10.5,25.1
nan,DZA,MENA,Upper Middle,2012,4.3,10.8,25.6
nan,DZA,MENA,Upper Middle,2013,4.2,11.2,26.1
nan,DZA,MENA,Upper Middle,2014,4.2,11.6,26.6
nan,DZA,MENA,Upper Middle,2015,4.2,12.0,27.2
nan,DZA,MENA,Upper Middle,2016,4.2,12.4,27.8
nan,DZA,MENA,Upper Middle,2017,4.1,12.9,28.5
nan,DZA,MENA,Upper Middle,2018,4.1,13.4,29.2
nan,DZA,MENA,Upper Middle,2019,4.1,13.8,29.8
nan,DZA,MENA,Upper Middle,2020,4.0,14.3,30.5
nan,DZA,MENA,Upper Middle,2021,4.0,14.8,31.2
nan,DZA,MENA,Upper Middle,2022,4.0,15.3,31.9
nan,ECU,LAC,Upper Middle,2000,1.7,6.0,23.7
nan,ECU,LAC,Upper Middle,2001,1.6,6.2,24.2
nan,ECU,LAC,Upper Middle,2002,1.6,6.4,24.6
nan,ECU,LAC,Upper Middle,2003,1.5,6.7,25.0
nan,ECU,LAC,Upper Middle,2004,1.5,6.9,25.4
nan,ECU,LAC,Upper Middle,2005,1.5,7.1,25.7
nan,ECU,LAC,Upper Middle,2006,1.5,7.4,26.1
nan,ECU,LAC,Upper Middle,2007,1.5,7.6,26.4
nan,ECU,LAC,Upper Middle,2008,1.5,7.9,26.8
nan,ECU,LAC,Upper Middle,2009,1.5,8.1,27.1
nan,ECU,LAC,Upper Middle,2010,1.5,8.4,27.5
nan,ECU,LAC,Upper Middle,2011,1.6,8.7,27.9
nan,ECU,LAC,Upper Middle,2012,1.6,8.9,28.3
nan,ECU,LAC,Upper Middle,2013,1.7,9.3,28.7
nan,ECU,LAC,Upper Middle,2014,1.7,9.6,29.1
nan,ECU,LAC,Upper Middle,2015,1.8,9.9,29.6
nan,ECU,LAC,Upper Middle,2016,1.9,10.3,30.1
nan,ECU,LAC,Upper Middle,2017,1.9,10.6,30.7
nan,ECU,LAC,Upper Middle,2018,2.0,11.0,31.2
nan,ECU,LAC,Upper Middle,2019,2.2,11.4,31.8
nan,ECU,LAC,Upper Middle,2020,2.3,11.8,32.3
nan,ECU,LAC,Upper Middle,2021,2.4,12.2,32.9
nan,ECU,LAC,Upper Middle,2022,2.5,12.6,33.5
nan,EGY,MENA,Lower Middle,2000,3.4,13.6,35.2
nan,EGY,MENA,Lower Middle,2001,3.3,13.9,35.9
nan,EGY,MENA,Lower Middle,2002,3.2,14.1,36.4
nan,EGY,MENA,Lower Middle,2003,3.1,14.3,36.9
nan,EGY,MENA,Lower Middle,2004,3.1,14.5,37.4
nan,EGY,MENA,Lower Middle,2005,3.0,14.7,37.7
nan,EGY,MENA,Lower Middle,2006,3.0,14.8,38.0
nan,EGY,MENA,Lower Middle,2007,3.0,15.0,38.3
nan,EGY,MENA,Lower Middle,2008,3.0,15.2,38.5
nan,EGY,MENA,Lower Middle,2009,3.0,15.4,38.6
nan,EGY,MENA,Lower Middle,2010,3.0,15.6,38.8
nan,EGY,MENA,Lower Middle,2011,3.0,15.9,39.0
nan,EGY,MENA,Lower Middle,2012,3.0,16.2,39.2
nan,EGY,MENA,Lower Middle,2013,3.0,16.5,39.5
nan,EGY,MENA,Lower Middle,2014,3.0,16.9,39.8
nan,EGY,MENA,Lower Middle,2015,3.0,17.3,40.1
nan,EGY,MENA,Lower Middle,2016,3.0,17.8,40.4
nan,EGY,MENA,Lower Middle,2017,3.0,18.2,40.7
nan,EGY,MENA,Lower Middle,2018,3.1,18.7,41.1
nan,EGY,MENA,Lower Middle,2019,3.1,19.1,41.4
nan,EGY,MENA,Lower Middle,2020,3.1,19.6,41.8
nan,EGY,MENA,Lower Middle,2021,3.2,20.0,42.1
nan,EGY,MENA,Lower Middle,2022,3.2,20.4,42.4
nan,ERI,ESA,Low,2000,15.3,0.9,4.9
nan,ERI,ESA,Low,2001,15.2,1.0,5.1
nan,ERI,ESA,Low,2002,15.0,1.0,5.3
nan,ERI,ESA,Low,2003,14.8,1.1,5.5
nan,ERI,ESA,Low,2004,14.6,1.2,5.7
nan,ERI,ESA,Low,2005,14.4,1.3,5.9
nan,ERI,ESA,Low,2006,14.3,1.3,6.1
nan,ERI,ESA,Low,2007,14.2,1.4,6.4
nan,ERI,ESA,Low,2008,14.0,1.5,6.6
nan,ERI,ESA,Low,2009,13.8,1.6,6.8
nan,ERI,ESA,Low,2010,13.6,1.7,7.0
nan,ERI,ESA,Low,2011,13.4,1.8,7.2
nan,ERI,ESA,Low,2012,13.2,1.9,7.5
nan,ERI,ESA,Low,2013,13.0,1.9,7.7
nan,ERI,ESA,Low,2014,12.9,2.1,8.0
nan,ERI,ESA,Low,2015,12.8,2.2,8.2
nan,ERI,ESA,Low,2016,12.6,2.3,8.5
nan,ERI,ESA,Low,2017,12.5,2.4,8.8
nan,ERI,ESA,Low,2018,12.4,2.6,9.2
nan,ERI,ESA,Low,2019,12.3,2.8,9.5
nan,ERI,ESA,Low,2020,12.2,2.9,9.9
nan,ERI,ESA,Low,2021,12.1,3.1,10.3
nan,ERI,ESA,Low,2022,12.0,3.4,10.7
nan,ESP,WE,High,2000,1.2,9.4,30.4
nan,ESP,WE,High,2001,1.2,9.6,30.8
nan,ESP,WE,High,2002,1.2,9.8,31.3
nan,ESP,WE,High,2003,1.2,10.0,31.6
nan,ESP,WE,High,2004,1.2,10.2,31.9
nan,ESP,WE,High,2005,1.1,10.4,32.1
nan,ESP,WE,High,2006,1.1,10.5,32.3
nan,ESP,WE,High,2007,1.1,10.7,32.4
nan,ESP,WE,High,2008,1.1,10.8,32.5
nan,ESP,WE,High,2009,1.1,10.8,32.5
nan,ESP,WE,High,2010,1.1,10.9,32.5
nan,ESP,WE,High,2011,1.1,11.0,32.5
nan,ESP,WE,High,2012,1.1,11.0,32.5
nan,ESP,WE,High,2013,1.1,11.0,32.4
nan,ESP,WE,High,2014,1.1,11.1,32.3
nan,ESP,WE,High,2015,1.2,11.0,32.2
nan,ESP,WE,High,2016,1.2,11.0,32.1
nan,ESP,WE,High,2017,1.2,10.9,31.9
nan,ESP,WE,High,2018,1.3,10.9,31.7
nan,ESP,WE,High,2019,1.3,10.8,31.5
nan,ESP,WE,High,2020,1.4,10.7,31.3
nan,ESP,WE,High,2021,1.4,10.6,31.1
nan,ESP,WE,High,2022,1.5,10.5,30.9
nan,EST,WE,High,2000,2.4,3.2,15.7
nan,EST,WE,High,2001,2.4,3.4,16.0
nan,EST,WE,High,2002,2.4,3.6,16.3
nan,EST,WE,High,2003,2.3,3.7,16.6
nan,EST,WE,High,2004,2.2,4.0,17.0
nan,EST,WE,High,2005,2.1,4.2,17.5
nan,EST,WE,High,2006,2.1,4.5,18.0
nan,EST,WE,High,2007,2.0,4.8,18.6
nan,EST,WE,High,2008,2.0,5.2,19.2
nan,EST,WE,High,2009,1.9,5.6,19.9
nan,EST,WE,High,2010,1.9,6.1,20.7
nan,EST,WE,High,2011,1.9,6.6,21.4
nan,EST,WE,High,2012,1.9,7.0,22.2
nan,EST,WE,High,2013,1.9,7.5,22.9
nan,EST,WE,High,2014,1.8,7.9,23.6
nan,EST,WE,High,2015,1.8,8.3,24.3
nan,EST,WE,High,2016,1.8,8.7,25.0
nan,EST,WE,High,2017,1.8,9.0,25.6
nan,EST,WE,High,2018,1.8,9.4,26.2
nan,EST,WE,High,2019,1.8,9.7,26.8
nan,EST,WE,High,2020,1.8,10.0,27.4
nan,EST,WE,High,2021,1.8,10.4,27.9
nan,EST,WE,High,2022,1.8,10.7,28.4
nan,ETH,ESA,Low,2000,19.0,0.5,2.1
nan,ETH,ESA,Low,2001,18.9,0.6,2.2
nan,ETH,ESA,Low,2002,18.8,0.6,2.3
nan,ETH,ESA,Low,2003,18.7,0.6,2.4
nan,ETH,ESA,Low,2004,18.6,0.7,2.5
nan,ETH,ESA,Low,2005,18.4,0.7,2.6
nan,ETH,ESA,Low,2006,18.3,0.7,2.7
nan,ETH,ESA,Low,2007,18.1,0.8,2.8
nan,ETH,ESA,Low,2008,18.0,0.8,2.9
nan,ETH,ESA,Low,2009,17.8,0.8,3.0
nan,ETH,ESA,Low,2010,17.6,0.9,3.1
nan,ETH,ESA,Low,2011,17.4,0.9,3.2
nan,ETH,ESA,Low,2012,17.2,0.9,3.4
nan,ETH,ESA,Low,2013,16.9,1.0,3.5
nan,ETH,ESA,Low,2014,16.7,1.0,3.7
nan,ETH,ESA,Low,2015,16.4,1.1,3.8
nan,ETH,ESA,Low,2016,16.1,1.1,4.0
nan,ETH,ESA,Low,2017,15.9,1.2,4.3
nan,ETH,ESA,Low,2018,15.6,1.3,4.5
nan,ETH,ESA,Low,2019,15.4,1.4,4.7
nan,ETH,ESA,Low,2020,15.1,1.5,5.0
nan,ETH,ESA,Low,2021,14.9,1.6,5.3
nan,ETH,ESA,Low,2022,14.6,1.7,5.6
nan,FIN,WE,High,2000,1.5,4.8,19.6
nan,FIN,WE,High,2001,1.5,5.0,20.0
nan,FIN,WE,High,2002,1.5,5.2,20.4
nan,FIN,WE,High,2003,1.5,5.4,20.8
nan,FIN,WE,High,2004,1.5,5.6,21.2
nan,FIN,WE,High,2005,1.5,5.8,21.6
nan,FIN,WE,High,2006,1.5,6.0,21.9
nan,FIN,WE,High,2007,1.5,6.2,22.3
nan,FIN,WE,High,2008,1.5,6.5,22.6
nan,FIN,WE,High,2009,1.6,6.7,23.0
nan,FIN,WE,High,2010,1.6,7.0,23.3
nan,FIN,WE,High,2011,1.6,7.2,23.8
nan,FIN,WE,High,2012,1.6,7.5,24.2
nan,FIN,WE,High,2013,1.6,7.9,24.7
nan,FIN,WE,High,2014,1.6,8.3,25.2
nan,FIN,WE,High,2015,1.7,8.7,25.8
nan,FIN,WE,High,2016,1.7,9.2,26.4
nan,FIN,WE,High,2017,1.7,9.7,27.1
nan,FIN,WE,High,2018,1.7,10.2,27.8
nan,FIN,WE,High,2019,1.7,10.8,28.5
nan,FIN,WE,High,2020,1.8,11.4,29.2
nan,FIN,WE,High,2021,1.8,12.0,30.0
nan,FIN,WE,High,2022,1.8,12.6,30.7
nan,FJI,EAP,Upper Middle,2000,8.2,3.8,14.2
nan,FJI,EAP,Upper Middle,2001,8.2,4.0,14.5
nan,FJI,EAP,Upper Middle,2002,8.2,4.2,14.9
nan,FJI,EAP,Upper Middle,2003,8.2,4.5,15.2
nan,FJI,EAP,Upper Middle,2004,8.1,4.7,15.7
nan,FJI,EAP,Upper Middle,2005,8.0,4.9,16.1
nan,FJI,EAP,Upper Middle,2006,7.9,5.2,16.7
nan,FJI,EAP,Upper Middle,2007,7.7,5.5,17.2
nan,FJI,EAP,Upper Middle,2008,7.6,5.8,17.8
nan,FJI,EAP,Upper Middle,2009,7.4,6.1,18.5
nan,FJI,EAP,Upper Middle,2010,7.2,6.4,19.1
nan,FJI,EAP,Upper Middle,2011,6.9,6.8,19.9
nan,FJI,EAP,Upper Middle,2012,6.7,7.2,20.6
nan,FJI,EAP,Upper Middle,2013,6.4,7.6,21.4
nan,FJI,EAP,Upper Middle,2014,6.2,8.0,22.3
nan,FJI,EAP,Upper Middle,2015,6.0,8.4,23.2
nan,FJI,EAP,Upper Middle,2016,5.7,8.9,24.2
nan,FJI,EAP,Upper Middle,2017,5.5,9.4,25.2
nan,FJI,EAP,Upper Middle,2018,5.3,10.0,26.3
nan,FJI,EAP,Upper Middle,2019,5.1,10.5,27.4
nan,FJI,EAP,Upper Middle,2020,4.9,11.1,28.5
nan,FJI,EAP,Upper Middle,2021,4.7,11.7,29.6
nan,FJI,EAP,Upper Middle,2022,4.5,12.3,30.7
nan,FRA,WE,High,2000,2.6,5.0,20.0
nan,FRA,WE,High,2001,2.6,5.1,20.2
nan,FRA,WE,High,2002,2.5,5.2,20.3
nan,FRA,WE,High,2003,2.5,5.3,20.4
nan,FRA,WE,High,2004,2.5,5.3,20.4
nan,FRA,WE,High,2005,2.5,5.4,20.4
nan,FRA,WE,High,2006,2.4,5.4,20.3
nan,FRA,WE,High,2007,2.4,5.4,20.2
nan,FRA,WE,High,2008,2.4,5.4,20.0
nan,FRA,WE,High,2009,2.5,5.3,19.8
nan,FRA,WE,High,2010,2.5,5.2,19.5
nan,FRA,WE,High,2011,2.5,5.1,19.2
nan,FRA,WE,High,2012,2.6,5.0,18.9
nan,FRA,WE,High,2013,2.7,4.9,18.6
nan,FRA,WE,High,2014,2.8,4.8,18.3
nan,FRA,WE,High,2015,2.9,4.7,18.0
nan,FRA,WE,High,2016,3.0,4.6,17.8
nan,FRA,WE,High,2017,3.1,4.5,17.5
nan,FRA,WE,High,2018,3.2,4.4,17.3
nan,FRA,WE,High,2019,3.3,4.3,17.2
nan,FRA,WE,High,2020,3.4,4.3,17.0
nan,FRA,WE,High,2021,3.5,4.2,16.8
nan,FRA,WE,High,2022,3.6,4.1,16.7
nan,FSM,EAP,Lower Middle,2000,0.8,8.4,30.5
nan,FSM,EAP,Lower Middle,2001,0.8,8.8,31.0
nan,FSM,EAP,Lower Middle,2002,0.8,9.2,31.5
nan,FSM,EAP,Lower Middle,2003,0.8,9.6,32.0
nan,FSM,EAP,Lower Middle,2004,0.8,10.0,32.5
nan,FSM,EAP,Lower Middle,2005,0.8,10.4,33.1
nan,FSM,EAP,Lower Middle,2006,0.8,10.9,33.6
nan,FSM,EAP,Lower Middle,2007,0.8,11.4,34.2
nan,FSM,EAP,Lower Middle,2008,0.8,11.8,34.8
nan,FSM,EAP,Lower Middle,2009,0.8,12.3,35.4
nan,FSM,EAP,Lower Middle,2010,0.8,12.8,36.0
nan,FSM,EAP,Lower Middle,2011,0.8,13.3,36.5
nan,FSM,EAP,Lower Middle,2012,0.8,13.8,36.9
nan,FSM,EAP,Lower Middle,2013,0.8,14.4,37.4
nan,FSM,EAP,Lower Middle,2014,0.8,14.9,37.9
nan,FSM,EAP,Lower Middle,2015,0.8,15.5,38.4
nan,FSM,EAP,Lower Middle,2016,0.8,16.2,39.0
nan,FSM,EAP,Lower Middle,2017,0.8,16.8,39.5
nan,FSM,EAP,Lower Middle,2018,0.9,17.5,40.1
nan,FSM,EAP,Lower Middle,2019,0.9,18.2,40.8
nan,FSM,EAP,Lower Middle,2020,0.9,19.0,41.4
nan,FSM,EAP,Lower Middle,2021,0.9,19.7,42.1
nan,FSM,EAP,Lower Middle,2022,1.0,20.5,42.8
nan,GAB,WCA,Upper Middle,2000,8.0,1.3,7.9
nan,GAB,WCA,Upper Middle,2001,7.8,1.4,8.3
nan,GAB,WCA,Upper Middle,2002,7.6,1.6,8.8
nan,GAB,WCA,Upper Middle,2003,7.5,1.7,9.2
nan,GAB,WCA,Upper Middle,2004,7.3,1.8,9.6
nan,GAB,WCA,Upper Middle,2005,7.1,1.9,10.0
nan,GAB,WCA,Upper Middle,2006,6.9,2.0,10.5
nan,GAB,WCA,Upper Middle,2007,6.8,2.2,10.9
nan,GAB,WCA,Upper Middle,2008,6.6,2.3,11.3
nan,GAB,WCA,Upper Middle,2009,6.5,2.4,11.6
nan,GAB,WCA,Upper Middle,2010,6.3,2.6,12.0
nan,GAB,WCA,Upper Middle,2011,6.2,2.7,12.3
nan,GAB,WCA,Upper Middle,2012,6.1,2.8,12.7
nan,GAB,WCA,Upper Middle,2013,6.1,3.0,13.0
nan,GAB,WCA,Upper Middle,2014,6.0,3.2,13.4
nan,GAB,WCA,Upper Middle,2015,5.9,3.4,13.7
nan,GAB,WCA,Upper Middle,2016,5.9,3.6,14.1
nan,GAB,WCA,Upper Middle,2017,5.8,3.8,14.5
nan,GAB,WCA,Upper Middle,2018,5.8,4.1,15.0
nan,GAB,WCA,Upper Middle,2019,5.8,4.4,15.5
nan,GAB,WCA,Upper Middle,2020,5.7,4.7,15.9
nan,GAB,WCA,Upper Middle,2021,5.7,5.0,16.5
nan,GAB,WCA,Upper Middle,2022,5.7,5.4,17.0
nan,GBR,WE,High,2000,1.3,8.9,28.5
nan,GBR,WE,High,2001,1.3,9.3,29.2
nan,GBR,WE,High,2002,1.3,9.7,29.8
nan,GBR,WE,High,2003,1.3,10.0,30.2
nan,GBR,WE,High,2004,1.3,10.2,30.6
nan,GBR,WE,High,2005,1.4,10.4,30.8
nan,GBR,WE,High,2006,1.4,10.5,30.9
nan,GBR,WE,High,2007,1.4,10.5,31.0
nan,GBR,WE,High,2008,1.4,10.6,31.0
nan,GBR,WE,High,2009,1.4,10.6,31.0
nan,GBR,WE,High,2010,1.4,10.6,30.9
nan,GBR,WE,High,2011,1.4,10.5,30.8
nan,GBR,WE,High,2012,1.4,10.5,30.7
nan,GBR,WE,High,2013,1.4,10.5,30.6
nan,GBR,WE,High,2014,1.5,10.5,30.5
nan,GBR,WE,High,2015,1.5,10.6,30.5
nan,GBR,WE,High,2016,1.5,10.7,30.5
nan,GBR,WE,High,2017,1.5,10.7,30.5
nan,GBR,WE,High,2018,1.5,10.9,30.5
nan,GBR,WE,High,2019,1.5,11.0,30.5
nan,GBR,WE,High,2020,1.5,11.1,30.5
nan,GBR,WE,High,2021,1.5,11.2,30.5
nan,GBR,WE,High,2022,1.6,11.3,30.4
nan,GEO,EECA,Upper Middle,2000,3.2,4.0,17.9
nan,GEO,EECA,Upper Middle,2001,3.1,4.0,18.0
nan,GEO,EECA,Upper Middle,2002,3.1,4.0,18.0
nan,GEO,EECA,Upper Middle,2003,3.0,4.1,18.1
nan,GEO,EECA,Upper Middle,2004,3.0,4.1,18.2
nan,GEO,EECA,Upper Middle,2005,2.9,4.2,18.4
nan,GEO,EECA,Upper Middle,2006,2.9,4.4,18.5
nan,GEO,EECA,Upper Middle,2007,2.9,4.5,18.7
nan,GEO,EECA,Upper Middle,2008,2.8,4.7,19.0
nan,GEO,EECA,Upper Middle,2009,2.8,4.9,19.3
nan,GEO,EECA,Upper Middle,2010,2.8,5.1,19.6
nan,GEO,EECA,Upper Middle,2011,2.8,5.4,20.1
nan,GEO,EECA,Upper Middle,2012,2.8,5.7,20.5
nan,GEO,EECA,Upper Middle,2013,2.8,6.1,21.0
nan,GEO,EECA,Upper Middle,2014,2.8,6.5,21.6
nan,GEO,EECA,Upper Middle,2015,2.8,6.9,22.2
nan,GEO,EECA,Upper Middle,2016,2.8,7.4,22.8
nan,GEO,EECA,Upper Middle,2017,2.8,7.9,23.5
nan,GEO,EECA,Upper Middle,2018,2.8,8.4,24.3
nan,GEO,EECA,Upper Middle,2019,2.8,8.9,25.0
nan,GEO,EECA,Upper Middle,2020,2.9,9.4,25.8
nan,GEO,EECA,Upper Middle,2021,2.9,10.0,26.6
nan,GEO,EECA,Upper Middle,2022,2.9,10.6,27.3
nan,GHA,WCA,Lower Middle,2000,9.4,2.1,7.2
nan,GHA,WCA,Lower Middle,2001,9.2,2.3,7.5
nan,GHA,WCA,Lower Middle,2002,9.0,2.4,7.9
nan,GHA,WCA,Lower Middle,2003,8.8,2.6,8.2
nan,GHA,WCA,Lower Middle,2004,8.6,2.7,8.6
nan,GHA,WCA,Lower Middle,2005,8.5,2.9,9.0
nan,GHA,WCA,Lower Middle,2006,8.4,3.1,9.4
nan,GHA,WCA,Lower Middle,2007,8.2,3.2,9.8
nan,GHA,WCA,Lower Middle,2008,8.1,3.4,10.2
nan,GHA,WCA,Lower Middle,2009,8.1,3.6,10.6
nan,GHA,WCA,Lower Middle,2010,8.0,3.7,10.9
nan,GHA,WCA,Lower Middle,2011,8.0,3.9,11.3
nan,GHA,WCA,Lower Middle,2012,8.0,4.0,11.7
nan,GHA,WCA,Lower Middle,2013,8.0,4.2,12.1
nan,GHA,WCA,Lower Middle,2014,8.0,4.4,12.5
nan,GHA,WCA,Lower Middle,2015,8.0,4.6,13.0
nan,GHA,WCA,Lower Middle,2016,8.0,4.9,13.5
nan,GHA,WCA,Lower Middle,2017,8.1,5.2,14.1
nan,GHA,WCA,Lower Middle,2018,8.1,5.5,14.7
nan,GHA,WCA,Lower Middle,2019,8.2,5.8,15.3
nan,GHA,WCA,Lower Middle,2020,8.2,6.2,16.0
nan,GHA,WCA,Lower Middle,2021,8.3,6.6,16.6
nan,GHA,WCA,Lower Middle,2022,8.3,7.0,17.2
nan,GIN,WCA,Lower Middle,2000,9.5,0.9,5.3
nan,GIN,WCA,Lower Middle,2001,9.3,1.0,5.5
nan,GIN,WCA,Lower Middle,2002,9.1,1.0,5.8
nan,GIN,WCA,Lower Middle,2003,9.0,1.1,6.0
nan,GIN,WCA,Lower Middle,2004,8.8,1.2,6.3
nan,GIN,WCA,Lower Middle,2005,8.7,1.2,6.5
nan,GIN,WCA,Lower Middle,2006,8.5,1.3,6.8
nan,GIN,WCA,Lower Middle,2007,8.4,1.4,7.1
nan,GIN,WCA,Lower Middle,2008,8.3,1.5,7.3
nan,GIN,WCA,Lower Middle,2009,8.2,1.5,7.6
nan,GIN,WCA,Lower Middle,2010,8.2,1.6,7.8
nan,GIN,WCA,Lower Middle,2011,8.1,1.7,8.1
nan,GIN,WCA,Lower Middle,2012,8.0,1.8,8.3
nan,GIN,WCA,Lower Middle,2013,8.0,1.9,8.6
nan,GIN,WCA,Lower Middle,2014,8.0,2.0,8.9
nan,GIN,WCA,Lower Middle,2015,8.0,2.1,9.3
nan,GIN,WCA,Lower Middle,2016,8.0,2.3,9.6
nan,GIN,WCA,Lower Middle,2017,8.0,2.4,10.1
nan,GIN,WCA,Lower Middle,2018,8.0,2.6,10.5
nan,GIN,WCA,Lower Middle,2019,8.0,2.8,11.0
nan,GIN,WCA,Lower Middle,2020,8.1,3.0,11.5
nan,GIN,WCA,Lower Middle,2021,8.1,3.3,12.0
nan,GIN,WCA,Lower Middle,2022,8.2,3.6,12.5
nan,GMB,WCA,Low,2000,11.4,1.3,5.7
nan,GMB,WCA,Low,2001,11.2,1.4,6.0
nan,GMB,WCA,Low,2002,11.1,1.5,6.3
nan,GMB,WCA,Low,2003,10.9,1.6,6.6
nan,GMB,WCA,Low,2004,10.7,1.8,6.9
nan,GMB,WCA,Low,2005,10.6,1.9,7.2
nan,GMB,WCA,Low,2006,10.5,2.0,7.4
nan,GMB,WCA,Low,2007,10.4,2.1,7.7
nan,GMB,WCA,Low,2008,10.3,2.2,8.0
nan,GMB,WCA,Low,2009,10.2,2.3,8.2
nan,GMB,WCA,Low,2010,10.1,2.4,8.5
nan,GMB,WCA,Low,2011,10.1,2.5,8.7
nan,GMB,WCA,Low,2012,10.1,2.6,8.9
nan,GMB,WCA,Low,2013,10.1,2.7,9.2
nan,GMB,WCA,Low,2014,10.1,2.8,9.5
nan,GMB,WCA,Low,2015,10.1,2.9,9.7
nan,GMB,WCA,Low,2016,10.1,3.1,10.1
nan,GMB,WCA,Low,2017,10.2,3.2,10.4
nan,GMB,WCA,Low,2018,10.2,3.4,10.8
nan,GMB,WCA,Low,2019,10.3,3.6,11.2
nan,GMB,WCA,Low,2020,10.3,3.8,11.7
nan,GMB,WCA,Low,2021,10.4,4.1,12.1
nan,GMB,WCA,Low,2022,10.4,4.4,12.6
nan,GNB,WCA,Low,2000,9.6,1.2,5.5
nan,GNB,WCA,Low,2001,9.4,1.2,5.8
nan,GNB,WCA,Low,2002,9.2,1.3,6.1
nan,GNB,WCA,Low,2003,9.0,1.4,6.4
nan,GNB,WCA,Low,2004,8.8,1.5,6.6
nan,GNB,WCA,Low,2005,8.7,1.6,6.9
nan,GNB,WCA,Low,2006,8.5,1.7,7.2
nan,GNB,WCA,Low,2007,8.4,1.8,7.5
nan,GNB,WCA,Low,2008,8.2,1.9,7.8
nan,GNB,WCA,Low,2009,8.1,2.0,8.0
nan,GNB,WCA,Low,2010,8.0,2.1,8.3
nan,GNB,WCA,Low,2011,7.9,2.2,8.5
nan,GNB,WCA,Low,2012,7.9,2.3,8.7
nan,GNB,WCA,Low,2013,7.8,2.4,9.0
nan,GNB,WCA,Low,2014,7.8,2.5,9.3
nan,GNB,WCA,Low,2015,7.7,2.6,9.6
nan,GNB,WCA,Low,2016,7.7,2.8,9.9
nan,GNB,WCA,Low,2017,7.7,3.0,10.3
nan,GNB,WCA,Low,2018,7.7,3.2,10.7
nan,GNB,WCA,Low,2019,7.7,3.4,11.1
nan,GNB,WCA,Low,2020,7.7,3.6,11.6
nan,GNB,WCA,Low,2021,7.7,3.9,12.0
nan,GNB,WCA,Low,2022,7.7,4.1,12.5
nan,GNQ,WCA,Upper Middle,2000,10.8,1.4,6.0
nan,GNQ,WCA,Upper Middle,2001,10.7,1.5,6.3
nan,GNQ,WCA,Upper Middle,2002,10.5,1.6,6.7
nan,GNQ,WCA,Upper Middle,2003,10.3,1.7,7.0
nan,GNQ,WCA,Upper Middle,2004,10.1,1.8,7.3
nan,GNQ,WCA,Upper Middle,2005,10.0,1.9,7.7
nan,GNQ,WCA,Upper Middle,2006,9.8,2.0,8.0
nan,GNQ,WCA,Upper Middle,2007,9.6,2.1,8.4
nan,GNQ,WCA,Upper Middle,2008,9.4,2.3,8.7
nan,GNQ,WCA,Upper Middle,2009,9.2,2.4,9.1
nan,GNQ,WCA,Upper Middle,2010,9.0,2.5,9.4
nan,GNQ,WCA,Upper Middle,2011,8.8,2.7,9.8
nan,GNQ,WCA,Upper Middle,2012,8.7,2.8,10.1
nan,GNQ,WCA,Upper Middle,2013,8.5,3.0,10.5
nan,GNQ,WCA,Upper Middle,2014,8.4,3.1,10.8
nan,GNQ,WCA,Upper Middle,2015,8.2,3.3,11.2
nan,GNQ,WCA,Upper Middle,2016,8.2,3.5,11.7
nan,GNQ,WCA,Upper Middle,2017,8.1,3.7,12.1
nan,GNQ,WCA,Upper Middle,2018,8.1,4.0,12.6
nan,GNQ,WCA,Upper Middle,2019,8.0,4.2,13.1
nan,GNQ,WCA,Upper Middle,2020,8.0,4.5,13.7
nan,GNQ,WCA,Upper Middle,2021,7.9,4.8,14.2
nan,GNQ,WCA,Upper Middle,2022,7.8,5.0,14.8
nan,GRC,WE,High,2000,2.4,8.6,29.1
nan,GRC,WE,High,2001,2.3,9.1,29.9
nan,GRC,WE,High,2002,2.2,9.5,30.8
nan,GRC,WE,High,2003,2.2,10.0,31.7
nan,GRC,WE,High,2004,2.0,10.5,32.5
nan,GRC,WE,High,2005,1.9,11.1,33.4
nan,GRC,WE,High,2006,1.8,11.6,34.3
nan,GRC,WE,High,2007,1.7,12.1,35.0
nan,GRC,WE,High,2008,1.6,12.6,35.7
nan,GRC,WE,High,2009,1.5,13.0,36.2
nan,GRC,WE,High,2010,1.4,13.2,36.5
nan,GRC,WE,High,2011,1.4,13.3,36.6
nan,GRC,WE,High,2012,1.3,13.3,36.6
nan,GRC,WE,High,2013,1.3,13.3,36.6
nan,GRC,WE,High,2014,1.3,13.1,36.4
nan,GRC,WE,High,2015,1.3,13.0,36.2
nan,GRC,WE,High,2016,1.3,12.8,35.9
nan,GRC,WE,High,2017,1.2,12.6,35.6
nan,GRC,WE,High,2018,1.2,12.4,35.2
nan,GRC,WE,High,2019,1.2,12.2,34.9
nan,GRC,WE,High,2020,1.2,12.0,34.6
nan,GRC,WE,High,2021,1.2,11.8,34.3
nan,GRC,WE,High,2022,1.3,11.6,34.0
nan,GRD,LAC,Upper Middle,2000,4.5,8.5,20.2
nan,GRD,LAC,Upper Middle,2001,4.4,8.8,20.9
nan,GRD,LAC,Upper Middle,2002,4.4,9.1,21.6
nan,GRD,LAC,Upper Middle,2003,4.3,9.5,22.2
nan,GRD,LAC,Upper Middle,2004,4.2,9.9,22.9
nan,GRD,LAC,Upper Middle,2005,4.2,10.2,23.5
nan,GRD,LAC,Upper Middle,2006,4.2,10.6,24.2
nan,GRD,LAC,Upper Middle,2007,4.1,11.1,24.9
nan,GRD,LAC,Upper Middle,2008,4.1,11.5,25.7
nan,GRD,LAC,Upper Middle,2009,4.1,11.9,26.4
nan,GRD,LAC,Upper Middle,2010,4.1,12.4,27.2
nan,GRD,LAC,Upper Middle,2011,4.1,12.9,28.0
nan,GRD,LAC,Upper Middle,2012,4.1,13.4,28.8
nan,GRD,LAC,Upper Middle,2013,4.1,13.9,29.6
nan,GRD,LAC,Upper Middle,2014,4.1,14.5,30.4
nan,GRD,LAC,Upper Middle,2015,4.1,15.0,31.3
nan,GRD,LAC,Upper Middle,2016,4.1,15.6,32.1
nan,GRD,LAC,Upper Middle,2017,4.1,16.2,33.1
nan,GRD,LAC,Upper Middle,2018,4.2,16.8,34.0
nan,GRD,LAC,Upper Middle,2019,4.2,17.4,34.9
nan,GRD,LAC,Upper Middle,2020,4.3,18.0,35.9
nan,GRD,LAC,Upper Middle,2021,4.3,18.6,36.8
nan,GRD,LAC,Upper Middle,2022,4.4,19.1,37.7
nan,GTM,LAC,Upper Middle,2000,1.1,4.4,19.1
nan,GTM,LAC,Upper Middle,2001,1.1,4.6,19.5
nan,GTM,LAC,Upper Middle,2002,1.0,4.8,19.9
nan,GTM,LAC,Upper Middle,2003,1.0,4.9,20.1
nan,GTM,LAC,Upper Middle,2004,1.0,5.1,20.4
nan,GTM,LAC,Upper Middle,2005,1.0,5.2,20.6
nan,GTM,LAC,Upper Middle,2006,1.0,5.4,20.8
nan,GTM,LAC,Upper Middle,2007,1.1,5.5,21.0
nan,GTM,LAC,Upper Middle,2008,1.1,5.6,21.1
nan,GTM,LAC,Upper Middle,2009,1.1,5.8,21.3
nan,GTM,LAC,Upper Middle,2010,1.2,5.9,21.5
nan,GTM,LAC,Upper Middle,2011,1.2,6.1,21.6
nan,GTM,LAC,Upper Middle,2012,1.2,6.2,21.8
nan,GTM,LAC,Upper Middle,2013,1.3,6.3,21.9
nan,GTM,LAC,Upper Middle,2014,1.4,6.5,22.1
nan,GTM,LAC,Upper Middle,2015,1.4,6.6,22.2
nan,GTM,LAC,Upper Middle,2016,1.5,6.8,22.3
nan,GTM,LAC,Upper Middle,2017,1.6,6.9,22.4
nan,GTM,LAC,Upper Middle,2018,1.7,7.1,22.5
nan,GTM,LAC,Upper Middle,2019,1.8,7.2,22.6
nan,GTM,LAC,Upper Middle,2020,1.9,7.4,22.6
nan,GTM,LAC,Upper Middle,2021,2.0,7.6,22.7
nan,GTM,LAC,Upper Middle,2022,2.2,7.7,22.8
nan,GUY,LAC,High,2000,7.9,4.9,13.9
nan,GUY,LAC,High,2001,7.9,5.1,14.4
nan,GUY,LAC,High,2002,7.8,5.4,14.9
nan,GUY,LAC,High,2003,7.8,5.6,15.4
nan,GUY,LAC,High,2004,7.8,5.8,15.8
nan,GUY,LAC,High,2005,7.7,6.1,16.3
nan,GUY,LAC,High,2006,7.7,6.3,16.8
nan,GUY,LAC,High,2007,7.7,6.6,17.3
nan,GUY,LAC,High,2008,7.7,6.9,17.8
nan,GUY,LAC,High,2009,7.7,7.2,18.3
nan,GUY,LAC,High,2010,7.6,7.5,18.8
nan,GUY,LAC,High,2011,7.6,7.8,19.4
nan,GUY,LAC,High,2012,7.6,8.2,20.0
nan,GUY,LAC,High,2013,7.6,8.6,20.6
nan,GUY,LAC,High,2014,7.6,9.1,21.3
nan,GUY,LAC,High,2015,7.6,9.5,22.0
nan,GUY,LAC,High,2016,7.6,10.1,22.8
nan,GUY,LAC,High,2017,7.6,10.6,23.6
nan,GUY,LAC,High,2018,7.6,11.2,24.4
nan,GUY,LAC,High,2019,7.7,11.7,25.3
nan,GUY,LAC,High,2020,7.7,12.4,26.2
nan,GUY,LAC,High,2021,7.7,13.0,27.1
nan,GUY,LAC,High,2022,7.8,13.7,28.0
nan,HND,LAC,Lower Middle,2000,2.5,5.9,20.3
nan,HND,LAC,Lower Middle,2001,2.5,6.2,20.9
nan,HND,LAC,Lower Middle,2002,2.4,6.4,21.4
nan,HND,LAC,Lower Middle,2003,2.4,6.7,21.9
nan,HND,LAC,Lower Middle,2004,2.3,7.0,22.4
nan,HND,LAC,Lower Middle,2005,2.3,7.2,22.9
nan,HND,LAC,Lower Middle,2006,2.3,7.5,23.4
nan,HND,LAC,Lower Middle,2007,2.3,7.8,23.8
nan,HND,LAC,Lower Middle,2008,2.3,8.0,24.3
nan,HND,LAC,Lower Middle,2009,2.2,8.3,24.8
nan,HND,LAC,Lower Middle,2010,2.2,8.6,25.2
nan,HND,LAC,Lower Middle,2011,2.2,8.8,25.7
nan,HND,LAC,Lower Middle,2012,2.3,9.1,26.2
nan,HND,LAC,Lower Middle,2013,2.3,9.4,26.7
nan,HND,LAC,Lower Middle,2014,2.3,9.7,27.2
nan,HND,LAC,Lower Middle,2015,2.3,10.0,27.7
nan,HND,LAC,Lower Middle,2016,2.4,10.3,28.2
nan,HND,LAC,Lower Middle,2017,2.4,10.6,28.8
nan,HND,LAC,Lower Middle,2018,2.5,11.0,29.3
nan,HND,LAC,Lower Middle,2019,2.5,11.4,29.9
nan,HND,LAC,Lower Middle,2020,2.6,11.8,30.4
nan,HND,LAC,Lower Middle,2021,2.7,12.2,31.0
nan,HND,LAC,Lower Middle,2022,2.7,12.6,31.6
nan,HRV,EECA,High,2000,2.6,6.5,19.9
nan,HRV,EECA,High,2001,2.5,6.8,20.5
nan,HRV,EECA,High,2002,2.4,7.2,21.2
nan,HRV,EECA,High,2003,2.3,7.5,21.8
nan,HRV,EECA,High,2004,2.2,7.8,22.5
nan,HRV,EECA,High,2005,2.2,8.1,23.1
nan,HRV,EECA,High,2006,2.1,8.4,23.7
nan,HRV,EECA,High,2007,2.0,8.6,24.3
nan,HRV,EECA,High,2008,1.9,8.8,24.7
nan,HRV,EECA,High,2009,1.9,8.9,25.1
nan,HRV,EECA,High,2010,1.8,9.0,25.4
nan,HRV,EECA,High,2011,1.8,9.1,25.6
nan,HRV,EECA,High,2012,1.8,9.0,25.7
nan,HRV,EECA,High,2013,1.7,9.0,25.8
nan,HRV,EECA,High,2014,1.7,9.0,25.8
nan,HRV,EECA,High,2015,1.7,9.0,25.9
nan,HRV,EECA,High,2016,1.7,9.0,26.0
nan,HRV,EECA,High,2017,1.7,9.0,26.2
nan,HRV,EECA,High,2018,1.7,9.1,26.4
nan,HRV,EECA,High,2019,1.7,9.2,26.5
nan,HRV,EECA,High,2020,1.7,9.2,26.6
nan,HRV,EECA,High,2021,1.7,9.2,26.7
nan,HRV,EECA,High,2022,1.7,9.3,26.8
nan,HTI,LAC,Lower Middle,2000,4.9,5.5,14.1
nan,HTI,LAC,Lower Middle,2001,4.9,5.8,14.6
nan,HTI,LAC,Lower Middle,2002,4.8,6.0,15.1
nan,HTI,LAC,Lower Middle,2003,4.7,6.2,15.5
nan,HTI,LAC,Lower Middle,2004,4.7,6.5,16.0
nan,HTI,LAC,Lower Middle,2005,4.6,6.7,16.5
nan,HTI,LAC,Lower Middle,2006,4.5,6.9,16.9
nan,HTI,LAC,Lower Middle,2007,4.5,7.2,17.4
nan,HTI,LAC,Lower Middle,2008,4.4,7.4,17.9
nan,HTI,LAC,Lower Middle,2009,4.4,7.7,18.4
nan,HTI,LAC,Lower Middle,2010,4.3,7.9,18.9
nan,HTI,LAC,Lower Middle,2011,4.3,8.2,19.4
nan,HTI,LAC,Lower Middle,2012,4.3,8.5,19.9
nan,HTI,LAC,Lower Middle,2013,4.2,8.7,20.4
nan,HTI,LAC,Lower Middle,2014,4.2,9.0,20.9
nan,HTI,LAC,Lower Middle,2015,4.2,9.2,21.5
nan,HTI,LAC,Lower Middle,2016,4.2,9.5,22.0
nan,HTI,LAC,Lower Middle,2017,4.1,9.8,22.6
nan,HTI,LAC,Lower Middle,2018,4.1,10.1,23.2
nan,HTI,LAC,Lower Middle,2019,4.1,10.4,23.8
nan,HTI,LAC,Lower Middle,2020,4.1,10.7,24.4
nan,HTI,LAC,Lower Middle,2021,4.2,11.1,25.1
nan,HTI,LAC,Lower Middle,2022,4.2,11.4,25.7
nan,HUN,WE,High,2000,2.5,5.5,18.6
nan,HUN,WE,High,2001,2.5,5.8,19.1
nan,HUN,WE,High,2002,2.5,6.1,19.7
nan,HUN,WE,High,2003,2.4,6.4,20.4
nan,HUN,WE,High,2004,2.4,6.8,21.0
nan,HUN,WE,High,2005,2.4,7.2,21.7
nan,HUN,WE,High,2006,2.3,7.6,22.4
nan,HUN,WE,High,2007,2.3,8.0,23.1
nan,HUN,WE,High,2008,2.3,8.5,23.8
nan,HUN,WE,High,2009,2.3,8.9,24.5
nan,HUN,WE,High,2010,2.3,9.3,25.1
nan,HUN,WE,High,2011,2.3,9.7,25.7
nan,HUN,WE,High,2012,2.4,10.1,26.3
nan,HUN,WE,High,2013,2.4,10.6,27.0
nan,HUN,WE,High,2014,2.5,11.0,27.6
nan,HUN,WE,High,2015,2.5,11.5,28.2
nan,HUN,WE,High,2016,2.6,11.9,28.8
nan,HUN,WE,High,2017,2.7,12.4,29.4
nan,HUN,WE,High,2018,2.7,12.9,30.1
nan,HUN,WE,High,2019,2.8,13.4,30.7
nan,HUN,WE,High,2020,2.9,13.9,31.3
nan,HUN,WE,High,2021,3.0,14.4,31.9
nan,HUN,WE,High,2022,3.1,14.8,32.3
nan,IDN,EAP,Upper Middle,2000,11.1,1.7,5.5
nan,IDN,EAP,Upper Middle,2001,11.0,1.8,5.8
nan,IDN,EAP,Upper Middle,2002,11.0,1.9,6.2
nan,IDN,EAP,Upper Middle,2003,10.9,2.1,6.6
nan,IDN,EAP,Upper Middle,2004,10.8,2.3,7.0
nan,IDN,EAP,Upper Middle,2005,10.8,2.5,7.4
nan,IDN,EAP,Upper Middle,2006,10.7,2.7,7.9
nan,IDN,EAP,Upper Middle,2007,10.6,2.9,8.5
nan,IDN,EAP,Upper Middle,2008,10.5,3.2,9.1
nan,IDN,EAP,Upper Middle,2009,10.5,3.5,9.7
nan,IDN,EAP,Upper Middle,2010,10.4,3.8,10.4
nan,IDN,EAP,Upper Middle,2011,10.3,4.1,11.1
nan,IDN,EAP,Upper Middle,2012,10.2,4.5,11.9
nan,IDN,EAP,Upper Middle,2013,10.1,4.9,12.8
nan,IDN,EAP,Upper Middle,2014,10.0,5.3,13.7
nan,IDN,EAP,Upper Middle,2015,9.9,5.8,14.7
nan,IDN,EAP,Upper Middle,2016,9.8,6.4,15.8
nan,IDN,EAP,Upper Middle,2017,9.7,7.0,17.0
nan,IDN,EAP,Upper Middle,2018,9.6,7.7,18.3
nan,IDN,EAP,Upper Middle,2019,9.5,8.4,19.5
nan,IDN,EAP,Upper Middle,2020,9.4,9.2,20.9
nan,IDN,EAP,Upper Middle,2021,9.3,10.0,22.2
nan,IDN,EAP,Upper Middle,2022,9.2,10.8,23.6
nan,IND,SA,Lower Middle,2000,32.6,0.4,1.9
nan,IND,SA,Lower Middle,2001,32.0,0.5,2.2
nan,IND,SA,Lower Middle,2002,31.3,0.6,2.5
nan,IND,SA,Lower Middle,2003,30.7,0.7,2.9
nan,IND,SA,Lower Middle,2004,30.0,0.8,3.3
nan,IND,SA,Lower Middle,2005,29.5,0.9,3.7
nan,IND,SA,Lower Middle,2006,28.9,1.1,4.1
nan,IND,SA,Lower Middle,2007,28.4,1.2,4.5
nan,IND,SA,Lower Middle,2008,28.0,1.3,4.8
nan,IND,SA,Lower Middle,2009,27.6,1.5,5.2
nan,IND,SA,Lower Middle,2010,27.1,1.6,5.6
nan,IND,SA,Lower Middle,2011,26.7,1.7,5.9
nan,IND,SA,Lower Middle,2012,26.3,1.8,6.2
nan,IND,SA,Lower Middle,2013,25.8,2.0,6.6
nan,IND,SA,Lower Middle,2014,25.3,2.1,6.9
nan,IND,SA,Lower Middle,2015,24.8,2.2,7.2
nan,IND,SA,Lower Middle,2016,24.3,2.3,7.6
nan,IND,SA,Lower Middle,2017,23.7,2.5,8.0
nan,IND,SA,Lower Middle,2018,23.2,2.7,8.4
nan,IND,SA,Lower Middle,2019,22.6,2.8,8.8
nan,IND,SA,Lower Middle,2020,22.1,3.0,9.3
nan,IND,SA,Lower Middle,2021,21.5,3.2,9.8
nan,IND,SA,Lower Middle,2022,21.0,3.4,10.3
nan,IRL,WE,High,2000,0.9,7.6,26.9
nan,IRL,WE,High,2001,0.9,7.8,27.4
nan,IRL,WE,High,2002,0.9,8.1,27.9
nan,IRL,WE,High,2003,0.9,8.3,28.3
nan,IRL,WE,High,2004,0.9,8.5,28.6
nan,IRL,WE,High,2005,0.9,8.6,28.8
nan,IRL,WE,High,2006,0.9,8.7,28.9
nan,IRL,WE,High,2007,0.9,8.8,29.0
nan,IRL,WE,High,2008,0.9,8.8,29.0
nan,IRL,WE,High,2009,0.9,8.8,28.9
nan,IRL,WE,High,2010,1.0,8.8,28.8
nan,IRL,WE,High,2011,1.0,8.8,28.7
nan,IRL,WE,High,2012,1.0,8.7,28.4
nan,IRL,WE,High,2013,1.1,8.6,28.2
nan,IRL,WE,High,2014,1.1,8.5,27.9
nan,IRL,WE,High,2015,1.1,8.5,27.6
nan,IRL,WE,High,2016,1.2,8.4,27.3
nan,IRL,WE,High,2017,1.2,8.3,27.0
nan,IRL,WE,High,2018,1.3,8.3,26.7
nan,IRL,WE,High,2019,1.3,8.3,26.4
nan,IRL,WE,High,2020,1.3,8.3,26.2
nan,IRL,WE,High,2021,1.4,8.3,25.9
nan,IRL,WE,High,2022,1.5,8.3,25.7
nan,IRN,MENA,Upper Middle,2000,8.9,4.2,15.1
nan,IRN,MENA,Upper Middle,2001,8.6,4.5,15.8
nan,IRN,MENA,Upper Middle,2002,8.3,4.8,16.6
nan,IRN,MENA,Upper Middle,2003,8.1,5.1,17.4
nan,IRN,MENA,Upper Middle,2004,8.0,5.5,18.1
nan,IRN,MENA,Upper Middle,2005,7.9,5.8,18.8
nan,IRN,MENA,Upper Middle,2006,7.8,6.1,19.5
nan,IRN,MENA,Upper Middle,2007,7.8,6.5,20.0
nan,IRN,MENA,Upper Middle,2008,7.9,6.8,20.5
nan,IRN,MENA,Upper Middle,2009,8.0,7.0,20.9
nan,IRN,MENA,Upper Middle,2010,8.2,7.3,21.3
nan,IRN,MENA,Upper Middle,2011,8.4,7.6,21.8
nan,IRN,MENA,Upper Middle,2012,8.7,8.0,22.2
nan,IRN,MENA,Upper Middle,2013,8.9,8.3,22.8
nan,IRN,MENA,Upper Middle,2014,9.1,8.7,23.4
nan,IRN,MENA,Upper Middle,2015,9.3,9.1,24.1
nan,IRN,MENA,Upper Middle,2016,9.4,9.6,24.9
nan,IRN,MENA,Upper Middle,2017,9.5,10.1,25.8
nan,IRN,MENA,Upper Middle,2018,9.7,10.6,26.7
nan,IRN,MENA,Upper Middle,2019,9.8,11.1,27.6
nan,IRN,MENA,Upper Middle,2020,9.9,11.6,28.5
nan,IRN,MENA,Upper Middle,2021,10.0,12.1,29.5
nan,IRN,MENA,Upper Middle,2022,10.0,12.6,30.4
nan,IRQ,MENA,Upper Middle,2000,4.5,8.6,23.1
nan,IRQ,MENA,Upper Middle,2001,4.4,9.0,23.8
nan,IRQ,MENA,Upper Middle,2002,4.4,9.4,24.5
nan,IRQ,MENA,Upper Middle,2003,4.3,9.8,25.2
nan,IRQ,MENA,Upper Middle,2004,4.2,10.2,25.9
nan,IRQ,MENA,Upper Middle,2005,4.2,10.6,26.6
nan,IRQ,MENA,Upper Middle,2006,4.1,11.0,27.3
nan,IRQ,MENA,Upper Middle,2007,4.1,11.4,27.9
nan,IRQ,MENA,Upper Middle,2008,4.0,11.8,28.5
nan,IRQ,MENA,Upper Middle,2009,4.0,12.1,29.1
nan,IRQ,MENA,Upper Middle,2010,4.0,12.5,29.7
nan,IRQ,MENA,Upper Middle,2011,3.9,12.9,30.3
nan,IRQ,MENA,Upper Middle,2012,3.9,13.3,31.0
nan,IRQ,MENA,Upper Middle,2013,3.8,13.8,31.7
nan,IRQ,MENA,Upper Middle,2014,3.8,14.2,32.4
nan,IRQ,MENA,Upper Middle,2015,3.7,14.7,33.2
nan,IRQ,MENA,Upper Middle,2016,3.7,15.2,34.0
nan,IRQ,MENA,Upper Middle,2017,3.7,15.8,34.8
nan,IRQ,MENA,Upper Middle,2018,3.6,16.3,35.6
nan,IRQ,MENA,Upper Middle,2019,3.6,16.9,36.5
nan,IRQ,MENA,Upper Middle,2020,3.6,17.5,37.4
nan,IRQ,MENA,Upper Middle,2021,3.5,18.1,38.3
nan,IRQ,MENA,Upper Middle,2022,3.5,18.6,39.2
nan,ISL,WE,High,2000,1.7,5.9,21.4
nan,ISL,WE,High,2001,1.7,6.1,21.7
nan,ISL,WE,High,2002,1.7,6.2,21.9
nan,ISL,WE,High,2003,1.7,6.4,22.1
nan,ISL,WE,High,2004,1.7,6.5,22.3
nan,ISL,WE,High,2005,1.7,6.6,22.4
nan,ISL,WE,High,2006,1.7,6.7,22.5
nan,ISL,WE,High,2007,1.7,6.8,22.5
nan,ISL,WE,High,2008,1.7,6.9,22.6
nan,ISL,WE,High,2009,1.7,6.9,22.6
nan,ISL,WE,High,2010,1.7,7.0,22.7
nan,ISL,WE,High,2011,1.8,7.1,22.8
nan,ISL,WE,High,2012,1.8,7.2,22.8
nan,ISL,WE,High,2013,1.8,7.3,22.9
nan,ISL,WE,High,2014,1.8,7.4,23.0
nan,ISL,WE,High,2015,1.9,7.5,23.1
nan,ISL,WE,High,2016,1.9,7.6,23.2
nan,ISL,WE,High,2017,1.9,7.8,23.4
nan,ISL,WE,High,2018,1.9,8.0,23.6
nan,ISL,WE,High,2019,2.0,8.1,23.7
nan,ISL,WE,High,2020,2.0,8.3,23.9
nan,ISL,WE,High,2021,2.1,8.5,24.1
nan,ISL,WE,High,2022,2.1,8.7,24.3
nan,ISR,MENA,High,2000,2.7,5.6,18.3
nan,ISR,MENA,High,2001,2.6,5.9,18.7
nan,ISR,MENA,High,2002,2.6,6.1,19.0
nan,ISR,MENA,High,2003,2.6,6.4,19.4
nan,ISR,MENA,High,2004,2.6,6.7,19.8
nan,ISR,MENA,High,2005,2.6,6.9,20.1
nan,ISR,MENA,High,2006,2.6,7.2,20.5
nan,ISR,MENA,High,2007,2.6,7.5,20.8
nan,ISR,MENA,High,2008,2.6,7.7,21.0
nan,ISR,MENA,High,2009,2.6,8.0,21.3
nan,ISR,MENA,High,2010,2.7,8.2,21.5
nan,ISR,MENA,High,2011,2.7,8.3,21.7
nan,ISR,MENA,High,2012,2.7,8.4,21.8
nan,ISR,MENA,High,2013,2.8,8.5,21.9
nan,ISR,MENA,High,2014,2.8,8.6,22.1
nan,ISR,MENA,High,2015,2.9,8.6,22.2
nan,ISR,MENA,High,2016,2.9,8.7,22.3
nan,ISR,MENA,High,2017,2.9,8.8,22.4
nan,ISR,MENA,High,2018,2.9,8.9,22.5
nan,ISR,MENA,High,2019,3.0,9.0,22.7
nan,ISR,MENA,High,2020,3.0,9.1,22.8
nan,ISR,MENA,High,2021,3.0,9.2,23.0
nan,ISR,MENA,High,2022,3.0,9.3,23.1
nan,ITA,WE,High,2000,1.2,10.2,31.9
nan,ITA,WE,High,2001,1.2,10.5,32.4
nan,ITA,WE,High,2002,1.2,10.8,32.8
nan,ITA,WE,High,2003,1.2,11.1,33.2
nan,ITA,WE,High,2004,1.2,11.3,33.6
nan,ITA,WE,High,2005,1.2,11.6,33.8
nan,ITA,WE,High,2006,1.2,11.8,34.0
nan,ITA,WE,High,2007,1.2,11.9,34.0
nan,ITA,WE,High,2008,1.2,12.0,34.0
nan,ITA,WE,High,2009,1.2,12.1,33.9
nan,ITA,WE,High,2010,1.2,12.0,33.7
nan,ITA,WE,High,2011,1.3,12.0,33.4
nan,ITA,WE,High,2012,1.3,11.8,33.0
nan,ITA,WE,High,2013,1.4,11.7,32.5
nan,ITA,WE,High,2014,1.4,11.5,32.0
nan,ITA,WE,High,2015,1.5,11.2,31.4
nan,ITA,WE,High,2016,1.6,11.0,30.8
nan,ITA,WE,High,2017,1.7,10.8,30.2
nan,ITA,WE,High,2018,1.8,10.5,29.6
nan,ITA,WE,High,2019,1.9,10.3,29.0
nan,ITA,WE,High,2020,2.0,10.1,28.5
nan,ITA,WE,High,2021,2.1,9.9,27.9
nan,ITA,WE,High,2022,2.2,9.6,27.3
nan,JAM,LAC,Upper Middle,2000,1.5,5.5,15.8
nan,JAM,LAC,Upper Middle,2001,1.5,5.8,16.4
nan,JAM,LAC,Upper Middle,2002,1.5,6.1,17.0
nan,JAM,LAC,Upper Middle,2003,1.4,6.4,17.6
nan,JAM,LAC,Upper Middle,2004,1.4,6.7,18.3
nan,JAM,LAC,Upper Middle,2005,1.4,7.0,19.0
nan,JAM,LAC,Upper Middle,2006,1.4,7.4,19.7
nan,JAM,LAC,Upper Middle,2007,1.5,7.8,20.4
nan,JAM,LAC,Upper Middle,2008,1.5,8.1,21.2
nan,JAM,LAC,Upper Middle,2009,1.5,8.5,21.9
nan,JAM,LAC,Upper Middle,2010,1.6,8.9,22.6
nan,JAM,LAC,Upper Middle,2011,1.6,9.3,23.4
nan,JAM,LAC,Upper Middle,2012,1.7,9.8,24.1
nan,JAM,LAC,Upper Middle,2013,1.7,10.3,24.9
nan,JAM,LAC,Upper Middle,2014,1.8,10.8,25.8
nan,JAM,LAC,Upper Middle,2015,1.9,11.3,26.6
nan,JAM,LAC,Upper Middle,2016,1.9,11.8,27.5
nan,JAM,LAC,Upper Middle,2017,2.0,12.4,28.5
nan,JAM,LAC,Upper Middle,2018,2.1,13.0,29.4
nan,JAM,LAC,Upper Middle,2019,2.2,13.6,30.3
nan,JAM,LAC,Upper Middle,2020,2.3,14.2,31.3
nan,JAM,LAC,Upper Middle,2021,2.4,14.9,32.2
nan,JAM,LAC,Upper Middle,2022,2.6,15.5,33.2
nan,JOR,MENA,Lower Middle,2000,4.7,8.0,20.5
nan,JOR,MENA,Lower Middle,2001,4.6,8.3,21.1
nan,JOR,MENA,Lower Middle,2002,4.5,8.7,21.8
nan,JOR,MENA,Lower Middle,2003,4.5,9.0,22.5
nan,JOR,MENA,Lower Middle,2004,4.4,9.4,23.2
nan,JOR,MENA,Lower Middle,2005,4.3,9.7,23.9
nan,JOR,MENA,Lower Middle,2006,4.3,10.1,24.6
nan,JOR,MENA,Lower Middle,2007,4.3,10.4,25.3
nan,JOR,MENA,Lower Middle,2008,4.2,10.8,26.0
nan,JOR,MENA,Lower Middle,2009,4.2,11.2,26.7
nan,JOR,MENA,Lower Middle,2010,4.2,11.6,27.5
nan,JOR,MENA,Lower Middle,2011,4.1,12.0,28.3
nan,JOR,MENA,Lower Middle,2012,4.1,12.4,29.2
nan,JOR,MENA,Lower Middle,2013,4.0,12.9,30.1
nan,JOR,MENA,Lower Middle,2014,4.0,13.5,31.2
nan,JOR,MENA,Lower Middle,2015,3.9,14.0,32.2
nan,JOR,MENA,Lower Middle,2016,3.8,14.6,33.3
nan,JOR,MENA,Lower Middle,2017,3.8,15.1,34.5
nan,JOR,MENA,Lower Middle,2018,3.7,15.7,35.6
nan,JOR,MENA,Lower Middle,2019,3.7,16.2,36.7
nan,JOR,MENA,Lower Middle,2020,3.6,16.7,37.8
nan,JOR,MENA,Lower Middle,2021,3.5,17.3,38.9
nan,JOR,MENA,Lower Middle,2022,3.5,17.8,40.0
nan,JPN,EAP,High,2000,2.3,4.0,15.3
nan,JPN,EAP,High,2001,2.3,4.0,15.3
nan,JPN,EAP,High,2002,2.3,4.0,15.3
nan,JPN,EAP,High,2003,2.3,4.0,15.3
nan,JPN,EAP,High,2004,2.3,4.0,15.3
nan,JPN,EAP,High,2005,2.3,4.0,15.2
nan,JPN,EAP,High,2006,2.3,4.0,15.2
nan,JPN,EAP,High,2007,2.3,3.9,15.1
nan,JPN,EAP,High,2008,2.3,3.9,15.0
nan,JPN,EAP,High,2009,2.3,3.8,14.8
nan,JPN,EAP,High,2010,2.3,3.7,14.7
nan,JPN,EAP,High,2011,2.3,3.6,14.6
nan,JPN,EAP,High,2012,2.3,3.6,14.5
nan,JPN,EAP,High,2013,2.3,3.5,14.4
nan,JPN,EAP,High,2014,2.3,3.5,14.5
nan,JPN,EAP,High,2015,2.3,3.5,14.5
nan,JPN,EAP,High,2016,2.3,3.6,14.6
nan,JPN,EAP,High,2017,2.3,3.6,14.8
nan,JPN,EAP,High,2018,2.3,3.7,15.0
nan,JPN,EAP,High,2019,2.3,3.9,15.3
nan,JPN,EAP,High,2020,2.3,4.0,15.6
nan,JPN,EAP,High,2021,2.3,4.2,15.9
nan,JPN,EAP,High,2022,2.3,4.4,16.2
nan,KAZ,EECA,Upper Middle,2000,3.5,3.7,15.1
nan,KAZ,EECA,Upper Middle,2001,3.4,3.7,15.0
nan,KAZ,EECA,Upper Middle,2002,3.4,3.6,14.9
nan,KAZ,EECA,Upper Middle,2003,3.4,3.6,14.8
nan,KAZ,EECA,Upper Middle,2004,3.3,3.6,14.8
nan,KAZ,EECA,Upper Middle,2005,3.3,3.6,14.8
nan,KAZ,EECA,Upper Middle,2006,3.3,3.6,14.9
nan,KAZ,EECA,Upper Middle,2007,3.3,3.7,14.9
nan,KAZ,EECA,Upper Middle,2008,3.3,3.8,15.1
nan,KAZ,EECA,Upper Middle,2009,3.4,3.8,15.2
nan,KAZ,EECA,Upper Middle,2010,3.4,4.0,15.5
nan,KAZ,EECA,Upper Middle,2011,3.5,4.1,15.7
nan,KAZ,EECA,Upper Middle,2012,3.6,4.2,16.1
nan,KAZ,EECA,Upper Middle,2013,3.7,4.4,16.4
nan,KAZ,EECA,Upper Middle,2014,3.8,4.6,16.8
nan,KAZ,EECA,Upper Middle,2015,3.9,4.8,17.3
nan,KAZ,EECA,Upper Middle,2016,4.1,4.9,17.7
nan,KAZ,EECA,Upper Middle,2017,4.2,5.1,18.2
nan,KAZ,EECA,Upper Middle,2018,4.4,5.2,18.6
nan,KAZ,EECA,Upper Middle,2019,4.6,5.3,19.1
nan,KAZ,EECA,Upper Middle,2020,4.8,5.4,19.5
nan,KAZ,EECA,Upper Middle,2021,5.0,5.6,20.0
nan,KAZ,EECA,Upper Middle,2022,5.2,5.7,20.4
nan,KEN,ESA,Lower Middle,2000,10.7,1.2,6.3
nan,KEN,ESA,Lower Middle,2001,10.5,1.3,6.5
nan,KEN,ESA,Lower Middle,2002,10.3,1.3,6.8
nan,KEN,ESA,Lower Middle,2003,10.2,1.4,7.1
nan,KEN,ESA,Lower Middle,2004,10.0,1.5,7.4
nan,KEN,ESA,Lower Middle,2005,9.8,1.6,7.6
nan,KEN,ESA,Lower Middle,2006,9.6,1.7,7.9
nan,KEN,ESA,Lower Middle,2007,9.5,1.8,8.2
nan,KEN,ESA,Lower Middle,2008,9.4,1.9,8.4
nan,KEN,ESA,Lower Middle,2009,9.2,2.0,8.6
nan,KEN,ESA,Lower Middle,2010,9.1,2.1,8.8
nan,KEN,ESA,Lower Middle,2011,9.0,2.1,9.0
nan,KEN,ESA,Lower Middle,2012,8.9,2.2,9.2
nan,KEN,ESA,Lower Middle,2013,8.8,2.2,9.4
nan,KEN,ESA,Lower Middle,2014,8.7,2.3,9.5
nan,KEN,ESA,Lower Middle,2015,8.6,2.3,9.6
nan,KEN,ESA,Lower Middle,2016,8.6,2.3,9.7
nan,KEN,ESA,Lower Middle,2017,8.5,2.4,9.8
nan,KEN,ESA,Lower Middle,2018,8.4,2.4,9.9
nan,KEN,ESA,Lower Middle,2019,8.4,2.4,9.9
nan,KEN,ESA,Lower Middle,2020,8.3,2.4,10.0
nan,KEN,ESA,Lower Middle,2021,8.3,2.4,10.0
nan,KEN,ESA,Lower Middle,2022,8.2,2.5,10.0
nan,KGZ,EECA,Lower Middle,2000,3.8,6.4,19.5
nan,KGZ,EECA,Lower Middle,2001,3.7,6.1,19.0
nan,KGZ,EECA,Lower Middle,2002,3.6,5.8,18.5
nan,KGZ,EECA,Lower Middle,2003,3.6,5.5,18.0
nan,KGZ,EECA,Lower Middle,2004,3.5,5.2,17.5
nan,KGZ,EECA,Lower Middle,2005,3.4,4.9,17.0
nan,KGZ,EECA,Lower Middle,2006,3.4,4.6,16.5
nan,KGZ,EECA,Lower Middle,2007,3.3,4.4,16.0
nan,KGZ,EECA,Lower Middle,2008,3.3,4.1,15.6
nan,KGZ,EECA,Lower Middle,2009,3.3,3.9,15.1
nan,KGZ,EECA,Lower Middle,2010,3.3,3.7,14.6
nan,KGZ,EECA,Lower Middle,2011,3.2,3.5,14.2
nan,KGZ,EECA,Lower Middle,2012,3.2,3.3,13.8
nan,KGZ,EECA,Lower Middle,2013,3.3,3.1,13.4
nan,KGZ,EECA,Lower Middle,2014,3.3,3.0,13.1
nan,KGZ,EECA,Lower Middle,2015,3.3,2.8,12.7
nan,KGZ,EECA,Lower Middle,2016,3.3,2.7,12.5
nan,KGZ,EECA,Lower Middle,2017,3.3,2.6,12.3
nan,KGZ,EECA,Lower Middle,2018,3.4,2.5,12.1
nan,KGZ,EECA,Lower Middle,2019,3.4,2.4,11.9
nan,KGZ,EECA,Lower Middle,2020,3.4,2.3,11.7
nan,KGZ,EECA,Lower Middle,2021,3.5,2.3,11.6
nan,KGZ,EECA,Lower Middle,2022,3.5,2.2,11.5
nan,KHM,EAP,Lower Middle,2000,9.1,1.7,5.2
nan,KHM,EAP,Lower Middle,2001,9.0,1.8,5.5
nan,KHM,EAP,Lower Middle,2002,8.9,1.9,5.8
nan,KHM,EAP,Lower Middle,2003,8.8,2.0,6.1
nan,KHM,EAP,Lower Middle,2004,8.7,2.2,6.4
nan,KHM,EAP,Lower Middle,2005,8.6,2.3,6.8
nan,KHM,EAP,Lower Middle,2006,8.5,2.4,7.1
nan,KHM,EAP,Lower Middle,2007,8.4,2.6,7.4
nan,KHM,EAP,Lower Middle,2008,8.3,2.7,7.8
nan,KHM,EAP,Lower Middle,2009,8.3,2.9,8.2
nan,KHM,EAP,Lower Middle,2010,8.2,3.1,8.5
nan,KHM,EAP,Lower Middle,2011,8.1,3.2,9.0
nan,KHM,EAP,Lower Middle,2012,8.1,3.4,9.4
nan,KHM,EAP,Lower Middle,2013,8.1,3.6,9.9
nan,KHM,EAP,Lower Middle,2014,8.1,3.8,10.4
nan,KHM,EAP,Lower Middle,2015,8.0,4.0,10.8
nan,KHM,EAP,Lower Middle,2016,8.0,4.3,11.3
nan,KHM,EAP,Lower Middle,2017,8.0,4.5,11.8
nan,KHM,EAP,Lower Middle,2018,8.0,4.7,12.3
nan,KHM,EAP,Lower Middle,2019,8.0,5.0,12.8
nan,KHM,EAP,Lower Middle,2020,8.0,5.3,13.4
nan,KHM,EAP,Lower Middle,2021,7.9,5.7,14.0
nan,KHM,EAP,Lower Middle,2022,7.9,6.0,14.6
nan,KIR,EAP,Lower Middle,2000,0.9,7.2,33.5
nan,KIR,EAP,Lower Middle,2001,0.9,7.5,34.1
nan,KIR,EAP,Lower Middle,2002,0.9,7.8,34.7
nan,KIR,EAP,Lower Middle,2003,0.9,8.2,35.2
nan,KIR,EAP,Lower Middle,2004,0.9,8.6,35.8
nan,KIR,EAP,Lower Middle,2005,0.9,9.0,36.3
nan,KIR,EAP,Lower Middle,2006,0.9,9.4,36.8
nan,KIR,EAP,Lower Middle,2007,0.9,9.8,37.3
nan,KIR,EAP,Lower Middle,2008,0.9,10.3,37.9
nan,KIR,EAP,Lower Middle,2009,0.9,10.8,38.4
nan,KIR,EAP,Lower Middle,2010,0.8,11.3,38.8
nan,KIR,EAP,Lower Middle,2011,0.9,11.8,39.2
nan,KIR,EAP,Lower Middle,2012,0.9,12.3,39.6
nan,KIR,EAP,Lower Middle,2013,0.9,12.8,39.8
nan,KIR,EAP,Lower Middle,2014,0.9,13.3,40.1
nan,KIR,EAP,Lower Middle,2015,0.9,13.9,40.4
nan,KIR,EAP,Lower Middle,2016,0.9,14.5,40.7
nan,KIR,EAP,Lower Middle,2017,0.9,15.2,41.0
nan,KIR,EAP,Lower Middle,2018,1.0,15.9,41.4
nan,KIR,EAP,Lower Middle,2019,1.0,16.6,41.9
nan,KIR,EAP,Lower Middle,2020,1.0,17.3,42.4
nan,KIR,EAP,Lower Middle,2021,1.0,18.1,43.0
nan,KIR,EAP,Lower Middle,2022,1.1,18.9,43.6
nan,KNA,LAC,High,2000,4.0,10.7,23.3
nan,KNA,LAC,High,2001,3.9,11.2,24.1
nan,KNA,LAC,High,2002,3.8,11.6,24.9
nan,KNA,LAC,High,2003,3.8,12.1,25.7
nan,KNA,LAC,High,2004,3.7,12.7,26.5
nan,KNA,LAC,High,2005,3.6,13.2,27.4
nan,KNA,LAC,High,2006,3.6,13.7,28.2
nan,KNA,LAC,High,2007,3.5,14.3,29.1
nan,KNA,LAC,High,2008,3.5,14.8,30.0
nan,KNA,LAC,High,2009,3.5,15.4,30.9
nan,KNA,LAC,High,2010,3.5,15.9,31.8
nan,KNA,LAC,High,2011,3.4,16.5,32.6
nan,KNA,LAC,High,2012,3.4,17.0,33.5
nan,KNA,LAC,High,2013,3.4,17.6,34.3
nan,KNA,LAC,High,2014,3.4,18.1,35.1
nan,KNA,LAC,High,2015,3.4,18.7,36.0
nan,KNA,LAC,High,2016,3.4,19.3,36.9
nan,KNA,LAC,High,2017,3.5,19.9,37.8
nan,KNA,LAC,High,2018,3.5,20.5,38.7
nan,KNA,LAC,High,2019,3.5,21.2,39.7
nan,KNA,LAC,High,2020,3.6,21.8,40.7
nan,KNA,LAC,High,2021,3.6,22.4,41.6
nan,KNA,LAC,High,2022,3.7,23.0,42.5
nan,KOR,EAP,High,2000,1.9,5.8,19.7
nan,KOR,EAP,High,2001,1.8,6.3,20.9
nan,KOR,EAP,High,2002,1.8,6.9,22.1
nan,KOR,EAP,High,2003,1.8,7.4,23.2
nan,KOR,EAP,High,2004,1.7,7.9,24.1
nan,KOR,EAP,High,2005,1.7,8.3,25.0
nan,KOR,EAP,High,2006,1.7,8.5,25.7
nan,KOR,EAP,High,2007,1.7,8.7,26.3
nan,KOR,EAP,High,2008,1.7,8.8,26.7
nan,KOR,EAP,High,2009,1.7,8.8,27.0
nan,KOR,EAP,High,2010,1.7,8.8,27.3
nan,KOR,EAP,High,2011,1.7,8.8,27.6
nan,KOR,EAP,High,2012,1.8,8.9,27.8
nan,KOR,EAP,High,2013,1.8,9.1,28.2
nan,KOR,EAP,High,2014,1.8,9.3,28.5
nan,KOR,EAP,High,2015,1.8,9.6,28.9
nan,KOR,EAP,High,2016,1.8,10.0,29.3
nan,KOR,EAP,High,2017,1.9,10.4,29.9
nan,KOR,EAP,High,2018,1.9,11.0,30.6
nan,KOR,EAP,High,2019,2.0,11.7,31.4
nan,KOR,EAP,High,2020,2.0,12.4,32.2
nan,KOR,EAP,High,2021,2.1,13.2,33.1
nan,KOR,EAP,High,2022,2.1,14.0,33.9
nan,KWT,MENA,High,2000,3.5,18.7,36.7
nan,KWT,MENA,High,2001,3.4,19.3,37.6
nan,KWT,MENA,High,2002,3.4,19.8,38.4
nan,KWT,MENA,High,2003,3.3,20.2,39.0
nan,KWT,MENA,High,2004,3.3,20.6,39.7
nan,KWT,MENA,High,2005,3.3,21.0,40.3
nan,KWT,MENA,High,2006,3.3,21.3,40.9
nan,KWT,MENA,High,2007,3.3,21.5,41.5
nan,KWT,MENA,High,2008,3.3,21.6,41.9
nan,KWT,MENA,High,2009,3.3,21.6,42.2
nan,KWT,MENA,High,2010,3.3,21.5,42.4
nan,KWT,MENA,High,2011,3.3,21.4,42.6
nan,KWT,MENA,High,2012,3.2,21.3,42.8
nan,KWT,MENA,High,2013,3.2,21.2,43.1
nan,KWT,MENA,High,2014,3.2,21.2,43.4
nan,KWT,MENA,High,2015,3.2,21.2,43.8
nan,KWT,MENA,High,2016,3.2,21.1,44.2
nan,KWT,MENA,High,2017,3.1,21.1,44.6
nan,KWT,MENA,High,2018,3.1,21.1,45.1
nan,KWT,MENA,High,2019,3.1,21.1,45.5
nan,KWT,MENA,High,2020,3.1,21.1,45.9
nan,KWT,MENA,High,2021,3.1,21.1,46.5
nan,KWT,MENA,High,2022,3.1,21.2,47.1
nan,LAO,EAP,Lower Middle,2000,7.7,1.8,6.3
nan,LAO,EAP,Lower Middle,2001,7.6,1.9,6.6
nan,LAO,EAP,Lower Middle,2002,7.5,2.1,6.9
nan,LAO,EAP,Lower Middle,2003,7.4,2.2,7.3
nan,LAO,EAP,Lower Middle,2004,7.3,2.4,7.6
nan,LAO,EAP,Lower Middle,2005,7.2,2.5,8.0
nan,LAO,EAP,Lower Middle,2006,7.1,2.7,8.4
nan,LAO,EAP,Lower Middle,2007,7.0,2.8,8.7
nan,LAO,EAP,Lower Middle,2008,6.9,3.0,9.1
nan,LAO,EAP,Lower Middle,2009,6.8,3.2,9.5
nan,LAO,EAP,Lower Middle,2010,6.7,3.3,9.9
nan,LAO,EAP,Lower Middle,2011,6.7,3.5,10.4
nan,LAO,EAP,Lower Middle,2012,6.6,3.7,10.8
nan,LAO,EAP,Lower Middle,2013,6.6,3.9,11.3
nan,LAO,EAP,Lower Middle,2014,6.5,4.1,11.8
nan,LAO,EAP,Lower Middle,2015,6.5,4.4,12.3
nan,LAO,EAP,Lower Middle,2016,6.5,4.6,12.8
nan,LAO,EAP,Lower Middle,2017,6.5,4.9,13.4
nan,LAO,EAP,Lower Middle,2018,6.5,5.2,14.0
nan,LAO,EAP,Lower Middle,2019,6.5,5.6,14.7
nan,LAO,EAP,Lower Middle,2020,6.5,6.0,15.4
nan,LAO,EAP,Lower Middle,2021,6.5,6.4,16.1
nan,LAO,EAP,Lower Middle,2022,6.5,6.8,16.8
nan,LBN,MENA,Lower Middle,2000,2.6,7.8,25.6
nan,LBN,MENA,Lower Middle,2001,2.5,8.2,26.4
nan,LBN,MENA,Lower Middle,2002,2.5,8.7,27.2
nan,LBN,MENA,Lower Middle,2003,2.4,9.2,28.0
nan,LBN,MENA,Lower Middle,2004,2.4,9.6,28.8
nan,LBN,MENA,Lower Middle,2005,2.3,10.1,29.5
nan,LBN,MENA,Lower Middle,2006,2.3,10.6,30.2
nan,LBN,MENA,Lower Middle,2007,2.3,11.1,30.9
nan,LBN,MENA,Lower Middle,2008,2.2,11.5,31.6
nan,LBN,MENA,Lower Middle,2009,2.2,12.0,32.2
nan,LBN,MENA,Lower Middle,2010,2.2,12.4,32.8
nan,LBN,MENA,Lower Middle,2011,2.2,12.8,33.5
nan,LBN,MENA,Lower Middle,2012,2.2,13.3,34.1
nan,LBN,MENA,Lower Middle,2013,2.2,13.7,34.7
nan,LBN,MENA,Lower Middle,2014,2.2,14.2,35.4
nan,LBN,MENA,Lower Middle,2015,2.2,14.7,36.1
nan,LBN,MENA,Lower Middle,2016,2.2,15.2,36.9
nan,LBN,MENA,Lower Middle,2017,2.2,15.8,37.7
nan,LBN,MENA,Lower Middle,2018,2.2,16.4,38.5
nan,LBN,MENA,Lower Middle,2019,2.2,16.9,39.4
nan,LBN,MENA,Lower Middle,2020,2.3,17.5,40.2
nan,LBN,MENA,Lower Middle,2021,2.3,18.0,41.0
nan,LBN,MENA,Lower Middle,2022,2.3,18.6,41.8
nan,LBR,WCA,Low,2000,7.7,0.6,4.7
nan,LBR,WCA,Low,2001,7.5,0.6,4.9
nan,LBR,WCA,Low,2002,7.3,0.7,5.1
nan,LBR,WCA,Low,2003,7.1,0.7,5.4
nan,LBR,WCA,Low,2004,6.9,0.8,5.6
nan,LBR,WCA,Low,2005,6.8,0.9,5.8
nan,LBR,WCA,Low,2006,6.6,1.0,6.1
nan,LBR,WCA,Low,2007,6.5,1.1,6.3
nan,LBR,WCA,Low,2008,6.4,1.2,6.6
nan,LBR,WCA,Low,2009,6.3,1.3,6.9
nan,LBR,WCA,Low,2010,6.2,1.5,7.2
nan,LBR,WCA,Low,2011,6.1,1.7,7.5
nan,LBR,WCA,Low,2012,6.0,1.9,7.9
nan,LBR,WCA,Low,2013,6.0,2.2,8.3
nan,LBR,WCA,Low,2014,6.0,2.5,8.8
nan,LBR,WCA,Low,2015,6.0,2.9,9.4
nan,LBR,WCA,Low,2016,6.0,3.4,10.1
nan,LBR,WCA,Low,2017,6.0,4.0,11.0
nan,LBR,WCA,Low,2018,6.0,4.8,11.9
nan,LBR,WCA,Low,2019,6.0,5.7,13.0
nan,LBR,WCA,Low,2020,6.0,6.7,14.2
nan,LBR,WCA,Low,2021,6.0,7.8,15.6
nan,LBR,WCA,Low,2022,6.0,9.1,17.0
nan,LBY,MENA,Upper Middle,2000,5.5,6.8,20.5
nan,LBY,MENA,Upper Middle,2001,5.4,7.0,21.1
nan,LBY,MENA,Upper Middle,2002,5.3,7.4,21.7
nan,LBY,MENA,Upper Middle,2003,5.2,7.7,22.3
nan,LBY,MENA,Upper Middle,2004,5.2,8.0,22.9
nan,LBY,MENA,Upper Middle,2005,5.1,8.3,23.5
nan,LBY,MENA,Upper Middle,2006,5.1,8.6,24.1
nan,LBY,MENA,Upper Middle,2007,5.1,8.9,24.6
nan,LBY,MENA,Upper Middle,2008,5.1,9.3,25.1
nan,LBY,MENA,Upper Middle,2009,5.0,9.6,25.6
nan,LBY,MENA,Upper Middle,2010,5.0,9.9,26.2
nan,LBY,MENA,Upper Middle,2011,5.0,10.3,26.7
nan,LBY,MENA,Upper Middle,2012,5.0,10.7,27.3
nan,LBY,MENA,Upper Middle,2013,4.9,11.1,27.9
nan,LBY,MENA,Upper Middle,2014,4.9,11.5,28.6
nan,LBY,MENA,Upper Middle,2015,4.9,11.9,29.3
nan,LBY,MENA,Upper Middle,2016,4.9,12.4,30.1
nan,LBY,MENA,Upper Middle,2017,4.8,12.9,30.9
nan,LBY,MENA,Upper Middle,2018,4.8,13.4,31.7
nan,LBY,MENA,Upper Middle,2019,4.8,13.9,32.5
nan,LBY,MENA,Upper Middle,2020,4.8,14.4,33.3
nan,LBY,MENA,Upper Middle,2021,4.8,14.9,34.1
nan,LBY,MENA,Upper Middle,2022,4.7,15.4,35.0
nan,LCA,LAC,Upper Middle,2000,4.3,8.6,20.3
nan,LCA,LAC,Upper Middle,2001,4.2,9.0,21.0
nan,LCA,LAC,Upper Middle,2002,4.1,9.4,21.6
nan,LCA,LAC,Upper Middle,2003,4.1,9.8,22.3
nan,LCA,LAC,Upper Middle,2004,4.0,10.3,23.0
nan,LCA,LAC,Upper Middle,2005,4.0,10.7,23.7
nan,LCA,LAC,Upper Middle,2006,3.9,11.1,24.4
nan,LCA,LAC,Upper Middle,2007,3.9,11.5,25.1
nan,LCA,LAC,Upper Middle,2008,3.8,11.9,25.8
nan,LCA,LAC,Upper Middle,2009,3.8,12.3,26.5
nan,LCA,LAC,Upper Middle,2010,3.8,12.7,27.2
nan,LCA,LAC,Upper Middle,2011,3.8,13.2,27.9
nan,LCA,LAC,Upper Middle,2012,3.8,13.6,28.6
nan,LCA,LAC,Upper Middle,2013,3.8,14.1,29.3
nan,LCA,LAC,Upper Middle,2014,3.8,14.6,30.1
nan,LCA,LAC,Upper Middle,2015,3.8,15.2,31.0
nan,LCA,LAC,Upper Middle,2016,3.8,15.7,31.8
nan,LCA,LAC,Upper Middle,2017,3.8,16.3,32.6
nan,LCA,LAC,Upper Middle,2018,3.8,16.8,33.5
nan,LCA,LAC,Upper Middle,2019,3.8,17.4,34.3
nan,LCA,LAC,Upper Middle,2020,3.9,18.0,35.2
nan,LCA,LAC,Upper Middle,2021,3.9,18.7,36.1
nan,LCA,LAC,Upper Middle,2022,3.9,19.3,36.9
nan,LKA,SA,Lower Middle,2000,25.4,1.3,4.5
nan,LKA,SA,Lower Middle,2001,25.0,1.4,4.8
nan,LKA,SA,Lower Middle,2002,24.6,1.5,5.1
nan,LKA,SA,Lower Middle,2003,24.2,1.7,5.5
nan,LKA,SA,Lower Middle,2004,23.9,1.8,5.9
nan,LKA,SA,Lower Middle,2005,23.5,2.0,6.3
nan,LKA,SA,Lower Middle,2006,23.1,2.2,6.8
nan,LKA,SA,Lower Middle,2007,22.7,2.4,7.2
nan,LKA,SA,Lower Middle,2008,22.3,2.6,7.7
nan,LKA,SA,Lower Middle,2009,21.9,2.8,8.2
nan,LKA,SA,Lower Middle,2010,21.6,3.1,8.7
nan,LKA,SA,Lower Middle,2011,21.2,3.3,9.2
nan,LKA,SA,Lower Middle,2012,20.8,3.6,9.8
nan,LKA,SA,Lower Middle,2013,20.5,3.9,10.4
nan,LKA,SA,Lower Middle,2014,20.1,4.2,11.0
nan,LKA,SA,Lower Middle,2015,19.7,4.6,11.7
nan,LKA,SA,Lower Middle,2016,19.4,5.0,12.4
nan,LKA,SA,Lower Middle,2017,19.0,5.3,13.1
nan,LKA,SA,Lower Middle,2018,18.7,5.8,13.9
nan,LKA,SA,Lower Middle,2019,18.3,6.2,14.6
nan,LKA,SA,Lower Middle,2020,17.9,6.7,15.5
nan,LKA,SA,Lower Middle,2021,17.5,7.2,16.3
nan,LKA,SA,Lower Middle,2022,17.2,7.7,17.2
nan,LSO,ESA,Lower Middle,2000,7.1,1.8,8.7
nan,LSO,ESA,Lower Middle,2001,7.0,1.9,9.0
nan,LSO,ESA,Lower Middle,2002,6.8,2.0,9.3
nan,LSO,ESA,Lower Middle,2003,6.6,2.1,9.6
nan,LSO,ESA,Lower Middle,2004,6.5,2.2,9.8
nan,LSO,ESA,Lower Middle,2005,6.3,2.3,10.0
nan,LSO,ESA,Lower Middle,2006,6.2,2.4,10.3
nan,LSO,ESA,Lower Middle,2007,6.1,2.5,10.4
nan,LSO,ESA,Lower Middle,2008,5.9,2.7,10.6
nan,LSO,ESA,Lower Middle,2009,5.8,2.8,10.7
nan,LSO,ESA,Lower Middle,2010,5.7,2.9,10.9
nan,LSO,ESA,Lower Middle,2011,5.6,3.0,11.0
nan,LSO,ESA,Lower Middle,2012,5.5,3.1,11.1
nan,LSO,ESA,Lower Middle,2013,5.4,3.2,11.3
nan,LSO,ESA,Lower Middle,2014,5.4,3.3,11.4
nan,LSO,ESA,Lower Middle,2015,5.3,3.4,11.6
nan,LSO,ESA,Lower Middle,2016,5.3,3.5,11.7
nan,LSO,ESA,Lower Middle,2017,5.2,3.7,11.9
nan,LSO,ESA,Lower Middle,2018,5.2,3.8,12.1
nan,LSO,ESA,Lower Middle,2019,5.1,4.0,12.4
nan,LSO,ESA,Lower Middle,2020,5.1,4.2,12.6
nan,LSO,ESA,Lower Middle,2021,5.1,4.4,12.9
nan,LSO,ESA,Lower Middle,2022,5.1,4.6,13.2
nan,LTU,WE,High,2000,2.9,3.9,14.9
nan,LTU,WE,High,2001,2.8,4.0,15.0
nan,LTU,WE,High,2002,2.8,4.1,15.1
nan,LTU,WE,High,2003,2.7,4.2,15.3
nan,LTU,WE,High,2004,2.7,4.4,15.6
nan,LTU,WE,High,2005,2.6,4.6,15.9
nan,LTU,WE,High,2006,2.6,4.7,16.1
nan,LTU,WE,High,2007,2.6,4.9,16.4
nan,LTU,WE,High,2008,2.5,5.1,16.7
nan,LTU,WE,High,2009,2.5,5.3,16.9
nan,LTU,WE,High,2010,2.5,5.4,17.2
nan,LTU,WE,High,2011,2.5,5.6,17.6
nan,LTU,WE,High,2012,2.5,5.8,17.9
nan,LTU,WE,High,2013,2.5,6.0,18.2
nan,LTU,WE,High,2014,2.5,6.2,18.5
nan,LTU,WE,High,2015,2.5,6.3,18.8
nan,LTU,WE,High,2016,2.5,6.5,19.1
nan,LTU,WE,High,2017,2.5,6.6,19.4
nan,LTU,WE,High,2018,2.5,6.7,19.7
nan,LTU,WE,High,2019,2.6,6.8,19.9
nan,LTU,WE,High,2020,2.6,6.9,20.2
nan,LTU,WE,High,2021,2.6,7.0,20.4
nan,LTU,WE,High,2022,2.7,7.1,20.5
nan,LUX,WE,High,2000,1.5,4.8,18.7
nan,LUX,WE,High,2001,1.5,4.9,18.9
nan,LUX,WE,High,2002,1.5,5.0,19.1
nan,LUX,WE,High,2003,1.5,5.1,19.2
nan,LUX,WE,High,2004,1.5,5.2,19.4
nan,LUX,WE,High,2005,1.6,5.3,19.4
nan,LUX,WE,High,2006,1.6,5.4,19.5
nan,LUX,WE,High,2007,1.6,5.4,19.6
nan,LUX,WE,High,2008,1.6,5.5,19.6
nan,LUX,WE,High,2009,1.6,5.6,19.7
nan,LUX,WE,High,2010,1.6,5.7,19.7
nan,LUX,WE,High,2011,1.6,5.8,19.8
nan,LUX,WE,High,2012,1.6,5.8,19.8
nan,LUX,WE,High,2013,1.7,5.9,19.9
nan,LUX,WE,High,2014,1.7,6.0,20.0
nan,LUX,WE,High,2015,1.7,6.2,20.1
nan,LUX,WE,High,2016,1.7,6.3,20.2
nan,LUX,WE,High,2017,1.8,6.5,20.4
nan,LUX,WE,High,2018,1.8,6.6,20.6
nan,LUX,WE,High,2019,1.8,6.8,20.9
nan,LUX,WE,High,2020,1.9,7.0,21.1
nan,LUX,WE,High,2021,1.9,7.2,21.3
nan,LUX,WE,High,2022,1.9,7.4,21.5
nan,LVA,WE,High,2000,2.1,3.3,14.6
nan,LVA,WE,High,2001,2.0,3.3,14.7
nan,LVA,WE,High,2002,2.0,3.4,14.8
nan,LVA,WE,High,2003,1.9,3.5,15.0
nan,LVA,WE,High,2004,1.9,3.6,15.3
nan,LVA,WE,High,2005,1.9,3.8,15.6
nan,LVA,WE,High,2006,1.8,4.0,16.0
nan,LVA,WE,High,2007,1.8,4.2,16.4
nan,LVA,WE,High,2008,1.8,4.4,16.9
nan,LVA,WE,High,2009,1.7,4.7,17.3
nan,LVA,WE,High,2010,1.8,4.9,17.8
nan,LVA,WE,High,2011,1.8,5.2,18.4
nan,LVA,WE,High,2012,1.8,5.4,19.0
nan,LVA,WE,High,2013,1.8,5.7,19.5
nan,LVA,WE,High,2014,1.8,5.8,19.9
nan,LVA,WE,High,2015,1.8,6.0,20.2
nan,LVA,WE,High,2016,1.8,6.0,20.4
nan,LVA,WE,High,2017,1.9,6.1,20.6
nan,LVA,WE,High,2018,1.9,6.2,20.8
nan,LVA,WE,High,2019,1.9,6.3,21.0
nan,LVA,WE,High,2020,1.9,6.4,21.3
nan,LVA,WE,High,2021,1.9,6.6,21.6
nan,LVA,WE,High,2022,1.9,6.7,21.8
nan,MAR,MENA,Lower Middle,2000,5.1,3.6,14.0
nan,MAR,MENA,Lower Middle,2001,5.0,3.7,14.4
nan,MAR,MENA,Lower Middle,2002,5.0,3.9,14.8
nan,MAR,MENA,Lower Middle,2003,4.9,4.0,15.1
nan,MAR,MENA,Lower Middle,2004,4.9,4.1,15.5
nan,MAR,MENA,Lower Middle,2005,4.8,4.2,15.8
nan,MAR,MENA,Lower Middle,2006,4.8,4.3,16.1
nan,MAR,MENA,Lower Middle,2007,4.8,4.4,16.4
nan,MAR,MENA,Lower Middle,2008,4.8,4.5,16.6
nan,MAR,MENA,Lower Middle,2009,4.7,4.6,16.8
nan,MAR,MENA,Lower Middle,2010,4.7,4.6,17.0
nan,MAR,MENA,Lower Middle,2011,4.7,4.7,17.2
nan,MAR,MENA,Lower Middle,2012,4.6,4.8,17.5
nan,MAR,MENA,Lower Middle,2013,4.5,4.8,17.7
nan,MAR,MENA,Lower Middle,2014,4.5,4.9,18.0
nan,MAR,MENA,Lower Middle,2015,4.4,5.0,18.3
nan,MAR,MENA,Lower Middle,2016,4.4,5.1,18.6
nan,MAR,MENA,Lower Middle,2017,4.3,5.1,18.9
nan,MAR,MENA,Lower Middle,2018,4.2,5.2,19.3
nan,MAR,MENA,Lower Middle,2019,4.1,5.4,19.6
nan,MAR,MENA,Lower Middle,2020,4.1,5.5,20.0
nan,MAR,MENA,Lower Middle,2021,4.0,5.6,20.5
nan,MAR,MENA,Lower Middle,2022,4.0,5.7,20.9
nan,MDA,EECA,Upper Middle,2000,3.1,2.1,11.8
nan,MDA,EECA,Upper Middle,2001,3.1,2.2,11.9
nan,MDA,EECA,Upper Middle,2002,3.0,2.2,12.0
nan,MDA,EECA,Upper Middle,2003,3.0,2.3,12.2
nan,MDA,EECA,Upper Middle,2004,3.0,2.4,12.4
nan,MDA,EECA,Upper Middle,2005,2.9,2.4,12.7
nan,MDA,EECA,Upper Middle,2006,2.9,2.5,12.9
nan,MDA,EECA,Upper Middle,2007,2.9,2.6,13.2
nan,MDA,EECA,Upper Middle,2008,2.9,2.7,13.4
nan,MDA,EECA,Upper Middle,2009,2.8,2.9,13.7
nan,MDA,EECA,Upper Middle,2010,2.8,3.0,14.0
nan,MDA,EECA,Upper Middle,2011,2.9,3.1,14.3
nan,MDA,EECA,Upper Middle,2012,2.9,3.2,14.6
nan,MDA,EECA,Upper Middle,2013,2.9,3.4,14.9
nan,MDA,EECA,Upper Middle,2014,2.9,3.5,15.2
nan,MDA,EECA,Upper Middle,2015,3.0,3.6,15.5
nan,MDA,EECA,Upper Middle,2016,3.0,3.8,15.9
nan,MDA,EECA,Upper Middle,2017,3.1,3.9,16.2
nan,MDA,EECA,Upper Middle,2018,3.1,4.1,16.6
nan,MDA,EECA,Upper Middle,2019,3.2,4.2,17.0
nan,MDA,EECA,Upper Middle,2020,3.2,4.4,17.3
nan,MDA,EECA,Upper Middle,2021,3.3,4.6,17.7
nan,MDA,EECA,Upper Middle,2022,3.3,4.7,18.0
nan,MDG,ESA,Low,2000,9.3,0.5,3.0
nan,MDG,ESA,Low,2001,9.1,0.6,3.1
nan,MDG,ESA,Low,2002,9.0,0.6,3.2
nan,MDG,ESA,Low,2003,8.8,0.7,3.4
nan,MDG,ESA,Low,2004,8.7,0.7,3.5
nan,MDG,ESA,Low,2005,8.6,0.8,3.6
nan,MDG,ESA,Low,2006,8.5,0.8,3.8
nan,MDG,ESA,Low,2007,8.4,0.9,3.9
nan,MDG,ESA,Low,2008,8.3,0.9,4.0
nan,MDG,ESA,Low,2009,8.2,0.9,4.2
nan,MDG,ESA,Low,2010,8.1,1.0,4.3
nan,MDG,ESA,Low,2011,8.0,1.1,4.5
nan,MDG,ESA,Low,2012,7.9,1.1,4.7
nan,MDG,ESA,Low,2013,7.8,1.2,4.8
nan,MDG,ESA,Low,2014,7.7,1.2,5.0
nan,MDG,ESA,Low,2015,7.7,1.3,5.3
nan,MDG,ESA,Low,2016,7.6,1.4,5.5
nan,MDG,ESA,Low,2017,7.5,1.5,5.7
nan,MDG,ESA,Low,2018,7.5,1.6,6.0
nan,MDG,ESA,Low,2019,7.5,1.7,6.3
nan,MDG,ESA,Low,2020,7.4,1.9,6.6
nan,MDG,ESA,Low,2021,7.4,2.0,6.9
nan,MDG,ESA,Low,2022,7.4,2.2,7.3
nan,MDV,SA,Upper Middle,2000,17.7,2.8,8.6
nan,MDV,SA,Upper Middle,2001,17.6,3.0,9.0
nan,MDV,SA,Upper Middle,2002,17.6,3.2,9.6
nan,MDV,SA,Upper Middle,2003,17.5,3.4,10.1
nan,MDV,SA,Upper Middle,2004,17.4,3.7,10.7
nan,MDV,SA,Upper Middle,2005,17.3,3.9,11.3
nan,MDV,SA,Upper Middle,2006,17.2,4.2,12.0
nan,MDV,SA,Upper Middle,2007,17.1,4.5,12.7
nan,MDV,SA,Upper Middle,2008,16.9,4.7,13.4
nan,MDV,SA,Upper Middle,2009,16.8,5.1,14.2
nan,MDV,SA,Upper Middle,2010,16.5,5.4,15.1
nan,MDV,SA,Upper Middle,2011,16.2,5.8,16.1
nan,MDV,SA,Upper Middle,2012,15.8,6.3,17.2
nan,MDV,SA,Upper Middle,2013,15.4,6.8,18.4
nan,MDV,SA,Upper Middle,2014,15.0,7.3,19.6
nan,MDV,SA,Upper Middle,2015,14.7,7.9,21.0
nan,MDV,SA,Upper Middle,2016,14.3,8.5,22.4
nan,MDV,SA,Upper Middle,2017,13.9,9.2,23.9
nan,MDV,SA,Upper Middle,2018,13.6,9.9,25.4
nan,MDV,SA,Upper Middle,2019,13.2,10.7,27.0
nan,MDV,SA,Upper Middle,2020,12.9,11.4,28.5
nan,MDV,SA,Upper Middle,2021,12.5,12.2,30.1
nan,MDV,SA,Upper Middle,2022,12.2,13.0,31.7
nan,MEX,LAC,Upper Middle,2000,2.1,9.0,28.1
nan,MEX,LAC,Upper Middle,2001,2.0,9.6,29.1
nan,MEX,LAC,Upper Middle,2002,1.9,10.1,30.0
nan,MEX,LAC,Upper Middle,2003,1.9,10.6,30.8
nan,MEX,LAC,Upper Middle,2004,1.8,11.1,31.6
nan,MEX,LAC,Upper Middle,2005,1.8,11.6,32.3
nan,MEX,LAC,Upper Middle,2006,1.8,12.1,32.8
nan,MEX,LAC,Upper Middle,2007,1.7,12.5,33.4
nan,MEX,LAC,Upper Middle,2008,1.7,12.9,33.9
nan,MEX,LAC,Upper Middle,2009,1.7,13.3,34.3
nan,MEX,LAC,Upper Middle,2010,1.7,13.6,34.7
nan,MEX,LAC,Upper Middle,2011,1.7,13.9,35.1
nan,MEX,LAC,Upper Middle,2012,1.7,14.3,35.4
nan,MEX,LAC,Upper Middle,2013,1.8,14.6,35.8
nan,MEX,LAC,Upper Middle,2014,1.8,14.9,36.1
nan,MEX,LAC,Upper Middle,2015,1.8,15.2,36.5
nan,MEX,LAC,Upper Middle,2016,1.9,15.6,36.8
nan,MEX,LAC,Upper Middle,2017,1.9,15.9,37.2
nan,MEX,LAC,Upper Middle,2018,2.0,16.2,37.5
nan,MEX,LAC,Upper Middle,2019,2.0,16.6,37.9
nan,MEX,LAC,Upper Middle,2020,2.1,17.0,38.2
nan,MEX,LAC,Upper Middle,2021,2.2,17.3,38.6
nan,MEX,LAC,Upper Middle,2022,2.2,17.7,38.9
nan,MHL,EAP,Upper Middle,2000,2.1,6.4,23.8
nan,MHL,EAP,Upper Middle,2001,2.1,6.7,24.3
nan,MHL,EAP,Upper Middle,2002,2.0,7.1,24.8
nan,MHL,EAP,Upper Middle,2003,2.0,7.4,25.4
nan,MHL,EAP,Upper Middle,2004,2.0,7.9,25.9
nan,MHL,EAP,Upper Middle,2005,2.0,8.3,26.4
nan,MHL,EAP,Upper Middle,2006,2.0,8.7,27.0
nan,MHL,EAP,Upper Middle,2007,2.1,9.2,27.5
nan,MHL,EAP,Upper Middle,2008,2.1,9.7,28.1
nan,MHL,EAP,Upper Middle,2009,2.1,10.3,28.7
nan,MHL,EAP,Upper Middle,2010,2.1,10.8,29.2
nan,MHL,EAP,Upper Middle,2011,2.2,11.3,29.7
nan,MHL,EAP,Upper Middle,2012,2.2,11.9,30.2
nan,MHL,EAP,Upper Middle,2013,2.2,12.4,30.7
nan,MHL,EAP,Upper Middle,2014,2.2,13.0,31.3
nan,MHL,EAP,Upper Middle,2015,2.3,13.7,31.9
nan,MHL,EAP,Upper Middle,2016,2.3,14.3,32.5
nan,MHL,EAP,Upper Middle,2017,2.3,15.0,33.1
nan,MHL,EAP,Upper Middle,2018,2.4,15.7,33.8
nan,MHL,EAP,Upper Middle,2019,2.4,16.5,34.5
nan,MHL,EAP,Upper Middle,2020,2.5,17.3,35.3
nan,MHL,EAP,Upper Middle,2021,2.5,18.1,36.1
nan,MHL,EAP,Upper Middle,2022,2.5,19.0,37.0
nan,MKD,EECA,Upper Middle,2000,3.9,6.1,18.2
nan,MKD,EECA,Upper Middle,2001,3.9,6.4,18.8
nan,MKD,EECA,Upper Middle,2002,3.8,6.7,19.3
nan,MKD,EECA,Upper Middle,2003,3.8,7.0,19.8
nan,MKD,EECA,Upper Middle,2004,3.7,7.3,20.4
nan,MKD,EECA,Upper Middle,2005,3.7,7.6,20.9
nan,MKD,EECA,Upper Middle,2006,3.7,7.9,21.5
nan,MKD,EECA,Upper Middle,2007,3.6,8.3,22.1
nan,MKD,EECA,Upper Middle,2008,3.6,8.6,22.6
nan,MKD,EECA,Upper Middle,2009,3.6,8.8,23.1
nan,MKD,EECA,Upper Middle,2010,3.6,9.0,23.4
nan,MKD,EECA,Upper Middle,2011,3.6,9.1,23.8
nan,MKD,EECA,Upper Middle,2012,3.7,9.3,24.0
nan,MKD,EECA,Upper Middle,2013,3.7,9.4,24.3
nan,MKD,EECA,Upper Middle,2014,3.8,9.6,24.6
nan,MKD,EECA,Upper Middle,2015,3.8,9.7,24.9
nan,MKD,EECA,Upper Middle,2016,3.9,9.9,25.2
nan,MKD,EECA,Upper Middle,2017,4.0,10.1,25.5
nan,MKD,EECA,Upper Middle,2018,4.0,10.3,25.8
nan,MKD,EECA,Upper Middle,2019,4.1,10.5,26.1
nan,MKD,EECA,Upper Middle,2020,4.2,10.8,26.5
nan,MKD,EECA,Upper Middle,2021,4.3,11.1,26.9
nan,MKD,EECA,Upper Middle,2022,4.4,11.3,27.3
nan,MLI,WCA,Low,2000,12.3,1.6,5.9
nan,MLI,WCA,Low,2001,12.1,1.8,6.3
nan,MLI,WCA,Low,2002,11.9,1.9,6.7
nan,MLI,WCA,Low,2003,11.7,2.0,7.1
nan,MLI,WCA,Low,2004,11.5,2.2,7.6
nan,MLI,WCA,Low,2005,11.4,2.4,8.0
nan,MLI,WCA,Low,2006,11.2,2.5,8.5
nan,MLI,WCA,Low,2007,11.0,2.7,8.9
nan,MLI,WCA,Low,2008,10.9,2.8,9.3
nan,MLI,WCA,Low,2009,10.8,3.0,9.8
nan,MLI,WCA,Low,2010,10.7,3.1,10.2
nan,MLI,WCA,Low,2011,10.6,3.2,10.5
nan,MLI,WCA,Low,2012,10.5,3.4,10.9
nan,MLI,WCA,Low,2013,10.4,3.5,11.3
nan,MLI,WCA,Low,2014,10.3,3.6,11.7
nan,MLI,WCA,Low,2015,10.3,3.8,12.2
nan,MLI,WCA,Low,2016,10.2,4.0,12.6
nan,MLI,WCA,Low,2017,10.2,4.2,13.1
nan,MLI,WCA,Low,2018,10.1,4.4,13.7
nan,MLI,WCA,Low,2019,10.1,4.6,14.2
nan,MLI,WCA,Low,2020,10.1,4.9,14.8
nan,MLI,WCA,Low,2021,10.0,5.2,15.4
nan,MLI,WCA,Low,2022,10.0,5.5,16.0
nan,MLT,WE,High,2000,1.8,10.0,27.0
nan,MLT,WE,High,2001,1.8,10.3,27.4
nan,MLT,WE,High,2002,1.8,10.6,27.9
nan,MLT,WE,High,2003,1.8,10.8,28.2
nan,MLT,WE,High,2004,1.8,11.1,28.5
nan,MLT,WE,High,2005,1.7,11.3,28.7
nan,MLT,WE,High,2006,1.7,11.5,28.8
nan,MLT,WE,High,2007,1.7,11.7,28.9
nan,MLT,WE,High,2008,1.7,11.9,29.0
nan,MLT,WE,High,2009,1.7,12.0,29.0
nan,MLT,WE,High,2010,1.7,12.1,29.0
nan,MLT,WE,High,2011,1.8,12.2,28.9
nan,MLT,WE,High,2012,1.8,12.2,28.8
nan,MLT,WE,High,2013,1.8,12.2,28.7
nan,MLT,WE,High,2014,1.9,12.2,28.6
nan,MLT,WE,High,2015,1.9,12.2,28.5
nan,MLT,WE,High,2016,2.0,12.2,28.5
nan,MLT,WE,High,2017,2.0,12.2,28.5
nan,MLT,WE,High,2018,2.1,12.2,28.5
nan,MLT,WE,High,2019,2.1,12.2,28.4
nan,MLT,WE,High,2020,2.2,12.2,28.4
nan,MLT,WE,High,2021,2.3,12.1,28.3
nan,MLT,WE,High,2022,2.4,12.1,28.2
nan,MMR,EAP,Lower Middle,2000,13.9,1.9,6.1
nan,MMR,EAP,Lower Middle,2001,13.8,2.1,6.4
nan,MMR,EAP,Lower Middle,2002,13.7,2.2,6.8
nan,MMR,EAP,Lower Middle,2003,13.6,2.4,7.1
nan,MMR,EAP,Lower Middle,2004,13.4,2.6,7.5
nan,MMR,EAP,Lower Middle,2005,13.3,2.8,7.9
nan,MMR,EAP,Lower Middle,2006,13.2,2.9,8.3
nan,MMR,EAP,Lower Middle,2007,13.1,3.1,8.7
nan,MMR,EAP,Lower Middle,2008,13.0,3.3,9.1
nan,MMR,EAP,Lower Middle,2009,12.8,3.5,9.5
nan,MMR,EAP,Lower Middle,2010,12.7,3.7,10.0
nan,MMR,EAP,Lower Middle,2011,12.5,4.0,10.4
nan,MMR,EAP,Lower Middle,2012,12.4,4.2,10.8
nan,MMR,EAP,Lower Middle,2013,12.3,4.4,11.3
nan,MMR,EAP,Lower Middle,2014,12.2,4.6,11.8
nan,MMR,EAP,Lower Middle,2015,12.0,4.9,12.3
nan,MMR,EAP,Lower Middle,2016,11.9,5.2,12.8
nan,MMR,EAP,Lower Middle,2017,11.8,5.5,13.4
nan,MMR,EAP,Lower Middle,2018,11.7,5.8,13.9
nan,MMR,EAP,Lower Middle,2019,11.6,6.2,14.6
nan,MMR,EAP,Lower Middle,2020,11.4,6.6,15.2
nan,MMR,EAP,Lower Middle,2021,11.3,7.0,15.9
nan,MMR,EAP,Lower Middle,2022,11.2,7.4,16.6
nan,MNE,EECA,Upper Middle,2000,2.2,5.5,19.3
nan,MNE,EECA,Upper Middle,2001,2.2,5.7,19.7
nan,MNE,EECA,Upper Middle,2002,2.1,5.8,20.2
nan,MNE,EECA,Upper Middle,2003,2.1,6.0,20.7
nan,MNE,EECA,Upper Middle,2004,2.0,6.2,21.3
nan,MNE,EECA,Upper Middle,2005,2.0,6.5,21.9
nan,MNE,EECA,Upper Middle,2006,1.9,6.7,22.5
nan,MNE,EECA,Upper Middle,2007,1.9,6.9,23.0
nan,MNE,EECA,Upper Middle,2008,1.9,7.1,23.5
nan,MNE,EECA,Upper Middle,2009,1.8,7.3,24.0
nan,MNE,EECA,Upper Middle,2010,1.8,7.4,24.3
nan,MNE,EECA,Upper Middle,2011,1.8,7.4,24.5
nan,MNE,EECA,Upper Middle,2012,1.8,7.5,24.7
nan,MNE,EECA,Upper Middle,2013,1.8,7.6,24.9
nan,MNE,EECA,Upper Middle,2014,1.8,7.7,25.2
nan,MNE,EECA,Upper Middle,2015,1.9,7.8,25.4
nan,MNE,EECA,Upper Middle,2016,1.9,7.9,25.6
nan,MNE,EECA,Upper Middle,2017,1.9,8.0,25.7
nan,MNE,EECA,Upper Middle,2018,2.0,8.1,25.9
nan,MNE,EECA,Upper Middle,2019,2.0,8.3,26.1
nan,MNE,EECA,Upper Middle,2020,2.1,8.4,26.3
nan,MNE,EECA,Upper Middle,2021,2.2,8.6,26.5
nan,MNE,EECA,Upper Middle,2022,2.3,8.7,26.7
nan,MNG,EAP,Upper Middle,2000,3.2,2.3,11.4
nan,MNG,EAP,Upper Middle,2001,3.1,2.2,11.3
nan,MNG,EAP,Upper Middle,2002,3.0,2.2,11.3
nan,MNG,EAP,Upper Middle,2003,3.0,2.3,11.3
nan,MNG,EAP,Upper Middle,2004,2.9,2.3,11.3
nan,MNG,EAP,Upper Middle,2005,2.9,2.3,11.4
nan,MNG,EAP,Upper Middle,2006,2.8,2.4,11.4
nan,MNG,EAP,Upper Middle,2007,2.8,2.5,11.6
nan,MNG,EAP,Upper Middle,2008,2.8,2.5,11.7
nan,MNG,EAP,Upper Middle,2009,2.8,2.6,11.9
nan,MNG,EAP,Upper Middle,2010,2.9,2.7,12.1
nan,MNG,EAP,Upper Middle,2011,2.9,2.9,12.3
nan,MNG,EAP,Upper Middle,2012,2.9,3.0,12.6
nan,MNG,EAP,Upper Middle,2013,3.0,3.2,13.0
nan,MNG,EAP,Upper Middle,2014,3.0,3.5,13.4
nan,MNG,EAP,Upper Middle,2015,3.0,3.8,13.9
nan,MNG,EAP,Upper Middle,2016,3.1,4.1,14.4
nan,MNG,EAP,Upper Middle,2017,3.2,4.4,15.0
nan,MNG,EAP,Upper Middle,2018,3.3,4.8,15.6
nan,MNG,EAP,Upper Middle,2019,3.4,5.2,16.3
nan,MNG,EAP,Upper Middle,2020,3.5,5.6,17.0
nan,MNG,EAP,Upper Middle,2021,3.6,6.0,17.7
nan,MNG,EAP,Upper Middle,2022,3.7,6.4,18.4
nan,MOZ,ESA,Low,2000,3.8,0.8,7.0
nan,MOZ,ESA,Low,2001,3.7,0.9,7.2
nan,MOZ,ESA,Low,2002,3.6,0.9,7.4
nan,MOZ,ESA,Low,2003,3.6,1.0,7.6
nan,MOZ,ESA,Low,2004,3.5,1.0,7.8
nan,MOZ,ESA,Low,2005,3.5,1.0,7.9
nan,MOZ,ESA,Low,2006,3.5,1.1,8.1
nan,MOZ,ESA,Low,2007,3.5,1.1,8.2
nan,MOZ,ESA,Low,2008,3.5,1.1,8.3
nan,MOZ,ESA,Low,2009,3.5,1.2,8.4
nan,MOZ,ESA,Low,2010,3.6,1.2,8.5
nan,MOZ,ESA,Low,2011,3.6,1.2,8.6
nan,MOZ,ESA,Low,2012,3.6,1.2,8.7
nan,MOZ,ESA,Low,2013,3.7,1.2,8.8
nan,MOZ,ESA,Low,2014,3.8,1.3,8.9
nan,MOZ,ESA,Low,2015,3.8,1.3,9.0
nan,MOZ,ESA,Low,2016,3.9,1.3,9.1
nan,MOZ,ESA,Low,2017,4.0,1.4,9.2
nan,MOZ,ESA,Low,2018,4.1,1.4,9.3
nan,MOZ,ESA,Low,2019,4.2,1.5,9.4
nan,MOZ,ESA,Low,2020,4.4,1.5,9.5
nan,MOZ,ESA,Low,2021,4.5,1.6,9.7
nan,MOZ,ESA,Low,2022,4.6,1.7,9.8
nan,MRT,WCA,Lower Middle,2000,12.9,2.5,9.1
nan,MRT,WCA,Lower Middle,2001,12.6,2.7,9.5
nan,MRT,WCA,Lower Middle,2002,12.4,2.9,10.0
nan,MRT,WCA,Lower Middle,2003,12.2,3.1,10.5
nan,MRT,WCA,Lower Middle,2004,12.0,3.4,11.1
nan,MRT,WCA,Lower Middle,2005,11.9,3.6,11.6
nan,MRT,WCA,Lower Middle,2006,11.7,3.8,12.1
nan,MRT,WCA,Lower Middle,2007,11.5,4.0,12.6
nan,MRT,WCA,Lower Middle,2008,11.3,4.2,13.1
nan,MRT,WCA,Lower Middle,2009,11.1,4.4,13.6
nan,MRT,WCA,Lower Middle,2010,10.9,4.6,14.1
nan,MRT,WCA,Lower Middle,2011,10.7,4.8,14.6
nan,MRT,WCA,Lower Middle,2012,10.6,5.0,15.1
nan,MRT,WCA,Lower Middle,2013,10.4,5.2,15.5
nan,MRT,WCA,Lower Middle,2014,10.4,5.4,16.1
nan,MRT,WCA,Lower Middle,2015,10.3,5.7,16.6
nan,MRT,WCA,Lower Middle,2016,10.2,5.9,17.2
nan,MRT,WCA,Lower Middle,2017,10.2,6.2,17.8
nan,MRT,WCA,Lower Middle,2018,10.1,6.5,18.5
nan,MRT,WCA,Lower Middle,2019,10.1,6.9,19.2
nan,MRT,WCA,Lower Middle,2020,10.0,7.2,20.0
nan,MRT,WCA,Lower Middle,2021,10.0,7.6,20.7
nan,MRT,WCA,Lower Middle,2022,10.0,8.0,21.5
nan,MUS,ESA,Upper Middle,2000,12.7,3.2,11.9
nan,MUS,ESA,Upper Middle,2001,12.4,3.5,12.8
nan,MUS,ESA,Upper Middle,2002,12.2,3.8,13.6
nan,MUS,ESA,Upper Middle,2003,11.9,4.1,14.5
nan,MUS,ESA,Upper Middle,2004,11.6,4.5,15.4
nan,MUS,ESA,Upper Middle,2005,11.4,4.8,16.3
nan,MUS,ESA,Upper Middle,2006,11.1,5.2,17.1
nan,MUS,ESA,Upper Middle,2007,10.9,5.6,18.0
nan,MUS,ESA,Upper Middle,2008,10.7,6.0,18.8
nan,MUS,ESA,Upper Middle,2009,10.5,6.3,19.6
nan,MUS,ESA,Upper Middle,2010,10.3,6.7,20.3
nan,MUS,ESA,Upper Middle,2011,10.2,7.1,21.1
nan,MUS,ESA,Upper Middle,2012,10.1,7.5,21.8
nan,MUS,ESA,Upper Middle,2013,10.0,7.8,22.5
nan,MUS,ESA,Upper Middle,2014,9.9,8.3,23.3
nan,MUS,ESA,Upper Middle,2015,9.8,8.7,24.0
nan,MUS,ESA,Upper Middle,2016,9.8,9.1,24.8
nan,MUS,ESA,Upper Middle,2017,9.7,9.6,25.6
nan,MUS,ESA,Upper Middle,2018,9.6,10.1,26.4
nan,MUS,ESA,Upper Middle,2019,9.5,10.7,27.2
nan,MUS,ESA,Upper Middle,2020,9.4,11.3,28.1
nan,MUS,ESA,Upper Middle,2021,9.3,11.9,28.9
nan,MUS,ESA,Upper Middle,2022,9.2,12.5,29.9
nan,MWI,ESA,Low,2000,4.3,0.6,4.1
nan,MWI,ESA,Low,2001,4.2,0.7,4.2
nan,MWI,ESA,Low,2002,4.1,0.7,4.4
nan,MWI,ESA,Low,2003,4.0,0.7,4.6
nan,MWI,ESA,Low,2004,3.9,0.8,4.7
nan,MWI,ESA,Low,2005,3.8,0.8,4.9
nan,MWI,ESA,Low,2006,3.7,0.9,5.0
nan,MWI,ESA,Low,2007,3.6,0.9,5.2
nan,MWI,ESA,Low,2008,3.5,1.0,5.3
nan,MWI,ESA,Low,2009,3.4,1.0,5.5
nan,MWI,ESA,Low,2010,3.4,1.1,5.7
nan,MWI,ESA,Low,2011,3.3,1.1,5.8
nan,MWI,ESA,Low,2012,3.3,1.2,6.0
nan,MWI,ESA,Low,2013,3.2,1.2,6.2
nan,MWI,ESA,Low,2014,3.2,1.3,6.4
nan,MWI,ESA,Low,2015,3.2,1.3,6.7
nan,MWI,ESA,Low,2016,3.2,1.4,6.9
nan,MWI,ESA,Low,2017,3.2,1.5,7.2
nan,MWI,ESA,Low,2018,3.2,1.6,7.5
nan,MWI,ESA,Low,2019,3.2,1.7,7.8
nan,MWI,ESA,Low,2020,3.2,1.8,8.1
nan,MWI,ESA,Low,2021,3.2,1.9,8.4
nan,MWI,ESA,Low,2022,3.2,2.0,8.7
nan,MYS,EAP,Upper Middle,2000,10.5,6.4,15.4
nan,MYS,EAP,Upper Middle,2001,10.3,6.9,16.3
nan,MYS,EAP,Upper Middle,2002,10.0,7.4,17.3
nan,MYS,EAP,Upper Middle,2003,9.8,8.0,18.2
nan,MYS,EAP,Upper Middle,2004,9.5,8.5,19.2
nan,MYS,EAP,Upper Middle,2005,9.3,9.0,20.1
nan,MYS,EAP,Upper Middle,2006,9.0,9.4,20.9
nan,MYS,EAP,Upper Middle,2007,8.8,9.9,21.8
nan,MYS,EAP,Upper Middle,2008,8.6,10.3,22.6
nan,MYS,EAP,Upper Middle,2009,8.4,10.7,23.4
nan,MYS,EAP,Upper Middle,2010,8.2,11.1,24.1
nan,MYS,EAP,Upper Middle,2011,8.1,11.4,24.9
nan,MYS,EAP,Upper Middle,2012,8.0,11.8,25.6
nan,MYS,EAP,Upper Middle,2013,7.9,12.1,26.3
nan,MYS,EAP,Upper Middle,2014,7.9,12.5,27.0
nan,MYS,EAP,Upper Middle,2015,7.9,12.9,27.6
nan,MYS,EAP,Upper Middle,2016,7.9,13.3,28.3
nan,MYS,EAP,Upper Middle,2017,7.9,13.8,29.0
nan,MYS,EAP,Upper Middle,2018,8.0,14.3,29.7
nan,MYS,EAP,Upper Middle,2019,8.1,14.8,30.4
nan,MYS,EAP,Upper Middle,2020,8.1,15.4,31.1
nan,MYS,EAP,Upper Middle,2021,8.2,15.9,31.9
nan,MYS,EAP,Upper Middle,2022,8.3,16.5,32.6
nan,NAM,ESA,Upper Middle,2000,13.2,1.2,5.5
nan,NAM,ESA,Upper Middle,2001,13.1,1.3,5.8
nan,NAM,ESA,Upper Middle,2002,13.0,1.4,6.1
nan,NAM,ESA,Upper Middle,2003,12.8,1.5,6.5
nan,NAM,ESA,Upper Middle,2004,12.6,1.6,6.8
nan,NAM,ESA,Upper Middle,2005,12.4,1.7,7.1
nan,NAM,ESA,Upper Middle,2006,12.2,1.8,7.4
nan,NAM,ESA,Upper Middle,2007,11.9,1.9,7.8
nan,NAM,ESA,Upper Middle,2008,11.7,2.0,8.1
nan,NAM,ESA,Upper Middle,2009,11.5,2.1,8.4
nan,NAM,ESA,Upper Middle,2010,11.3,2.2,8.7
nan,NAM,ESA,Upper Middle,2011,11.1,2.4,9.1
nan,NAM,ESA,Upper Middle,2012,10.9,2.5,9.4
nan,NAM,ESA,Upper Middle,2013,10.8,2.6,9.7
nan,NAM,ESA,Upper Middle,2014,10.6,2.8,10.1
nan,NAM,ESA,Upper Middle,2015,10.4,2.9,10.5
nan,NAM,ESA,Upper Middle,2016,10.2,3.1,10.9
nan,NAM,ESA,Upper Middle,2017,10.1,3.3,11.3
nan,NAM,ESA,Upper Middle,2018,10.0,3.5,11.8
nan,NAM,ESA,Upper Middle,2019,9.9,3.8,12.3
nan,NAM,ESA,Upper Middle,2020,9.8,4.1,12.8
nan,NAM,ESA,Upper Middle,2021,9.7,4.3,13.4
nan,NAM,ESA,Upper Middle,2022,9.6,4.6,13.9
nan,NER,WCA,Low,2000,16.3,0.8,4.0
nan,NER,WCA,Low,2001,16.2,0.9,4.2
nan,NER,WCA,Low,2002,16.0,1.0,4.5
nan,NER,WCA,Low,2003,15.8,1.0,4.7
nan,NER,WCA,Low,2004,15.7,1.1,4.9
nan,NER,WCA,Low,2005,15.6,1.2,5.2
nan,NER,WCA,Low,2006,15.5,1.3,5.4
nan,NER,WCA,Low,2007,15.5,1.3,5.7
nan,NER,WCA,Low,2008,15.4,1.4,5.9
nan,NER,WCA,Low,2009,15.4,1.5,6.2
nan,NER,WCA,Low,2010,15.3,1.6,6.4
nan,NER,WCA,Low,2011,15.3,1.7,6.6
nan,NER,WCA,Low,2012,15.4,1.8,6.9
nan,NER,WCA,Low,2013,15.4,1.9,7.1
nan,NER,WCA,Low,2014,15.4,2.0,7.4
nan,NER,WCA,Low,2015,15.5,2.1,7.6
nan,NER,WCA,Low,2016,15.6,2.3,7.9
nan,NER,WCA,Low,2017,15.7,2.5,8.3
nan,NER,WCA,Low,2018,15.8,2.7,8.6
nan,NER,WCA,Low,2019,15.8,2.9,9.0
nan,NER,WCA,Low,2020,15.9,3.1,9.5
nan,NER,WCA,Low,2021,16.0,3.4,9.9
nan,NER,WCA,Low,2022,16.1,3.7,10.4
nan,NGA,WCA,Lower Middle,2000,12.9,1.0,4.6
nan,NGA,WCA,Lower Middle,2001,12.7,1.1,4.8
nan,NGA,WCA,Lower Middle,2002,12.5,1.2,5.0
nan,NGA,WCA,Lower Middle,2003,12.4,1.3,5.2
nan,NGA,WCA,Lower Middle,2004,12.2,1.4,5.4
nan,NGA,WCA,Lower Middle,2005,12.1,1.5,5.7
nan,NGA,WCA,Lower Middle,2006,12.0,1.6,5.9
nan,NGA,WCA,Lower Middle,2007,12.0,1.7,6.1
nan,NGA,WCA,Lower Middle,2008,11.9,1.8,6.3
nan,NGA,WCA,Lower Middle,2009,11.9,1.9,6.5
nan,NGA,WCA,Lower Middle,2010,11.9,1.9,6.7
nan,NGA,WCA,Lower Middle,2011,12.0,2.0,6.8
nan,NGA,WCA,Lower Middle,2012,12.1,2.1,7.0
nan,NGA,WCA,Lower Middle,2013,12.2,2.2,7.1
nan,NGA,WCA,Lower Middle,2014,12.4,2.3,7.3
nan,NGA,WCA,Lower Middle,2015,12.5,2.4,7.5
nan,NGA,WCA,Lower Middle,2016,12.7,2.5,7.7
nan,NGA,WCA,Lower Middle,2017,13.0,2.7,8.0
nan,NGA,WCA,Lower Middle,2018,13.2,2.9,8.2
nan,NGA,WCA,Lower Middle,2019,13.4,3.1,8.5
nan,NGA,WCA,Lower Middle,2020,13.7,3.3,8.8
nan,NGA,WCA,Lower Middle,2021,13.9,3.5,9.2
nan,NGA,WCA,Lower Middle,2022,14.1,3.8,9.5
nan,NIC,LAC,Lower Middle,2000,2.2,6.3,22.0
nan,NIC,LAC,Lower Middle,2001,2.1,6.6,22.6
nan,NIC,LAC,Lower Middle,2002,2.1,6.8,23.1
nan,NIC,LAC,Lower Middle,2003,2.0,7.1,23.6
nan,NIC,LAC,Lower Middle,2004,2.0,7.3,24.1
nan,NIC,LAC,Lower Middle,2005,2.0,7.6,24.6
nan,NIC,LAC,Lower Middle,2006,1.9,7.8,25.0
nan,NIC,LAC,Lower Middle,2007,1.9,8.0,25.4
nan,NIC,LAC,Lower Middle,2008,1.9,8.3,25.9
nan,NIC,LAC,Lower Middle,2009,1.9,8.5,26.3
nan,NIC,LAC,Lower Middle,2010,1.9,8.8,26.7
nan,NIC,LAC,Lower Middle,2011,1.9,9.0,27.2
nan,NIC,LAC,Lower Middle,2012,1.9,9.3,27.7
nan,NIC,LAC,Lower Middle,2013,1.9,9.6,28.2
nan,NIC,LAC,Lower Middle,2014,1.9,9.9,28.7
nan,NIC,LAC,Lower Middle,2015,2.0,10.2,29.2
nan,NIC,LAC,Lower Middle,2016,2.0,10.5,29.7
nan,NIC,LAC,Lower Middle,2017,2.0,10.9,30.3
nan,NIC,LAC,Lower Middle,2018,2.1,11.2,30.8
nan,NIC,LAC,Lower Middle,2019,2.1,11.6,31.4
nan,NIC,LAC,Lower Middle,2020,2.2,12.0,31.9
nan,NIC,LAC,Lower Middle,2021,2.3,12.4,32.5
nan,NIC,LAC,Lower Middle,2022,2.3,12.8,33.0
nan,NIU,EAP,Not Classified,2000,0.8,18.2,43.4
nan,NIU,EAP,Not Classified,2001,0.8,19.0,44.4
nan,NIU,EAP,Not Classified,2002,0.8,19.9,45.5
nan,NIU,EAP,Not Classified,2003,0.8,20.8,46.6
nan,NIU,EAP,Not Classified,2004,0.8,21.7,47.5
nan,NIU,EAP,Not Classified,2005,0.7,22.5,48.4
nan,NIU,EAP,Not Classified,2006,0.7,23.4,49.4
nan,NIU,EAP,Not Classified,2007,0.7,24.3,50.4
nan,NIU,EAP,Not Classified,2008,0.7,25.0,51.0
nan,NIU,EAP,Not Classified,2009,0.7,25.7,51.5
nan,NIU,EAP,Not Classified,2010,0.7,26.4,52.1
nan,NIU,EAP,Not Classified,2011,0.7,27.1,52.6
nan,NIU,EAP,Not Classified,2012,0.7,28.0,53.3
nan,NIU,EAP,Not Classified,2013,0.7,28.9,54.1
nan,NIU,EAP,Not Classified,2014,0.7,29.9,55.1
nan,NIU,EAP,Not Classified,2015,0.7,31.0,56.1
nan,NIU,EAP,Not Classified,2016,0.7,32.1,57.1
nan,NIU,EAP,Not Classified,2017,0.7,33.1,58.0
nan,NIU,EAP,Not Classified,2018,0.7,34.1,58.8
nan,NIU,EAP,Not Classified,2019,0.7,35.2,59.6
nan,NIU,EAP,Not Classified,2020,0.7,36.2,60.5
nan,NIU,EAP,Not Classified,2021,0.7,37.3,61.6
nan,NIU,EAP,Not Classified,2022,0.7,38.5,62.8
nan,NLD,WE,High,2000,1.8,3.6,18.0
nan,NLD,WE,High,2001,1.8,3.7,18.0
nan,NLD,WE,High,2002,1.8,3.7,18.1
nan,NLD,WE,High,2003,1.7,3.8,18.1
nan,NLD,WE,High,2004,1.7,3.8,18.0
nan,NLD,WE,High,2005,1.7,3.8,18.0
nan,NLD,WE,High,2006,1.7,3.9,17.9
nan,NLD,WE,High,2007,1.6,3.9,17.8
nan,NLD,WE,High,2008,1.6,3.9,17.7
nan,NLD,WE,High,2009,1.6,3.9,17.6
nan,NLD,WE,High,2010,1.6,4.0,17.5
nan,NLD,WE,High,2011,1.6,4.0,17.4
nan,NLD,WE,High,2012,1.5,4.0,17.3
nan,NLD,WE,High,2013,1.5,4.0,17.2
nan,NLD,WE,High,2014,1.5,4.0,17.2
nan,NLD,WE,High,2015,1.5,4.1,17.2
nan,NLD,WE,High,2016,1.5,4.1,17.2
nan,NLD,WE,High,2017,1.4,4.2,17.2
nan,NLD,WE,High,2018,1.4,4.3,17.3
nan,NLD,WE,High,2019,1.4,4.4,17.3
nan,NLD,WE,High,2020,1.4,4.5,17.4
nan,NLD,WE,High,2021,1.4,4.6,17.5
nan,NLD,WE,High,2022,1.4,4.8,17.6
nan,NOR,WE,High,2000,1.0,5.0,22.5
nan,NOR,WE,High,2001,1.0,5.2,22.8
nan,NOR,WE,High,2002,1.0,5.3,22.9
nan,NOR,WE,High,2003,1.0,5.4,23.0
nan,NOR,WE,High,2004,1.0,5.5,23.0
nan,NOR,WE,High,2005,1.0,5.5,22.9
nan,NOR,WE,High,2006,1.0,5.6,22.8
nan,NOR,WE,High,2007,1.0,5.6,22.7
nan,NOR,WE,High,2008,1.1,5.6,22.6
nan,NOR,WE,High,2009,1.1,5.6,22.5
nan,NOR,WE,High,2010,1.1,5.6,22.4
nan,NOR,WE,High,2011,1.1,5.6,22.3
nan,NOR,WE,High,2012,1.2,5.6,22.2
nan,NOR,WE,High,2013,1.2,5.6,22.2
nan,NOR,WE,High,2014,1.2,5.6,22.2
nan,NOR,WE,High,2015,1.3,5.6,22.2
nan,NOR,WE,High,2016,1.3,5.7,22.3
nan,NOR,WE,High,2017,1.3,5.8,22.4
nan,NOR,WE,High,2018,1.3,5.8,22.6
nan,NOR,WE,High,2019,1.4,5.9,22.7
nan,NOR,WE,High,2020,1.4,6.0,22.9
nan,NOR,WE,High,2021,1.4,6.1,23.0
nan,NOR,WE,High,2022,1.5,6.2,23.2
nan,NPL,SA,Lower Middle,2000,18.3,0.8,3.9
nan,NPL,SA,Lower Middle,2001,17.9,0.9,4.1
nan,NPL,SA,Lower Middle,2002,17.6,0.9,4.3
nan,NPL,SA,Lower Middle,2003,17.2,1.0,4.5
nan,NPL,SA,Lower Middle,2004,16.9,1.0,4.7
nan,NPL,SA,Lower Middle,2005,16.5,1.1,4.9
nan,NPL,SA,Lower Middle,2006,16.2,1.1,5.1
nan,NPL,SA,Lower Middle,2007,15.8,1.2,5.3
nan,NPL,SA,Lower Middle,2008,15.5,1.2,5.4
nan,NPL,SA,Lower Middle,2009,15.1,1.3,5.6
nan,NPL,SA,Lower Middle,2010,14.7,1.3,5.7
nan,NPL,SA,Lower Middle,2011,14.3,1.4,5.9
nan,NPL,SA,Lower Middle,2012,13.9,1.4,6.1
nan,NPL,SA,Lower Middle,2013,13.5,1.4,6.3
nan,NPL,SA,Lower Middle,2014,13.1,1.5,6.5
nan,NPL,SA,Lower Middle,2015,12.8,1.5,6.7
nan,NPL,SA,Lower Middle,2016,12.4,1.5,6.9
nan,NPL,SA,Lower Middle,2017,12.1,1.6,7.2
nan,NPL,SA,Lower Middle,2018,11.7,1.6,7.4
nan,NPL,SA,Lower Middle,2019,11.4,1.7,7.7
nan,NPL,SA,Lower Middle,2020,11.1,1.8,8.1
nan,NPL,SA,Lower Middle,2021,10.8,1.8,8.4
nan,NPL,SA,Lower Middle,2022,10.6,1.9,8.7
nan,NRU,EAP,High,2000,0.8,16.7,43.0
nan,NRU,EAP,High,2001,0.7,17.4,43.8
nan,NRU,EAP,High,2002,0.7,18.1,44.7
nan,NRU,EAP,High,2003,0.7,18.9,45.7
nan,NRU,EAP,High,2004,0.7,19.7,46.7
nan,NRU,EAP,High,2005,0.7,20.4,47.6
nan,NRU,EAP,High,2006,0.7,21.2,48.5
nan,NRU,EAP,High,2007,0.7,22.0,49.3
nan,NRU,EAP,High,2008,0.7,22.7,50.0
nan,NRU,EAP,High,2009,0.7,23.4,50.5
nan,NRU,EAP,High,2010,0.7,24.1,51.0
nan,NRU,EAP,High,2011,0.7,24.7,51.4
nan,NRU,EAP,High,2012,0.7,25.4,51.9
nan,NRU,EAP,High,2013,0.7,26.1,52.3
nan,NRU,EAP,High,2014,0.7,26.8,52.8
nan,NRU,EAP,High,2015,0.7,27.5,53.3
nan,NRU,EAP,High,2016,0.8,28.3,53.8
nan,NRU,EAP,High,2017,0.8,29.0,54.3
nan,NRU,EAP,High,2018,0.8,29.8,54.8
nan,NRU,EAP,High,2019,0.8,30.5,55.4
nan,NRU,EAP,High,2020,0.8,31.3,55.9
nan,NRU,EAP,High,2021,0.9,32.1,56.6
nan,NRU,EAP,High,2022,0.9,32.9,57.3
nan,NZL,EAP,High,2000,1.0,10.4,32.3
nan,NZL,EAP,High,2001,1.0,11.1,33.2
nan,NZL,EAP,High,2002,1.0,11.7,34.1
nan,NZL,EAP,High,2003,0.9,12.2,34.9
nan,NZL,EAP,High,2004,0.9,12.7,35.7
nan,NZL,EAP,High,2005,0.9,13.2,36.3
nan,NZL,EAP,High,2006,0.9,13.6,36.9
nan,NZL,EAP,High,2007,0.9,14.0,37.4
nan,NZL,EAP,High,2008,0.9,14.3,37.8
nan,NZL,EAP,High,2009,0.9,14.6,38.2
nan,NZL,EAP,High,2010,0.9,14.9,38.5
nan,NZL,EAP,High,2011,0.9,15.2,38.8
nan,NZL,EAP,High,2012,0.9,15.4,39.0
nan,NZL,EAP,High,2013,0.9,15.7,39.2
nan,NZL,EAP,High,2014,0.9,15.9,39.3
nan,NZL,EAP,High,2015,0.9,16.1,39.4
nan,NZL,EAP,High,2016,0.9,16.4,39.5
nan,NZL,EAP,High,2017,0.9,16.6,39.6
nan,NZL,EAP,High,2018,0.9,16.8,39.7
nan,NZL,EAP,High,2019,0.9,17.1,39.8
nan,NZL,EAP,High,2020,0.9,17.3,39.8
nan,NZL,EAP,High,2021,0.9,17.5,39.9
nan,NZL,EAP,High,2022,1.0,17.8,39.9
nan,OMN,MENA,High,2000,9.2,6.9,19.0
nan,OMN,MENA,High,2001,9.1,7.3,19.6
nan,OMN,MENA,High,2002,9.0,7.6,20.2
nan,OMN,MENA,High,2003,8.9,8.0,20.9
nan,OMN,MENA,High,2004,8.8,8.3,21.5
nan,OMN,MENA,High,2005,8.7,8.7,22.2
nan,OMN,MENA,High,2006,8.7,9.1,22.8
nan,OMN,MENA,High,2007,8.6,9.5,23.5
nan,OMN,MENA,High,2008,8.5,9.9,24.2
nan,OMN,MENA,High,2009,8.4,10.3,24.9
nan,OMN,MENA,High,2010,8.3,10.8,25.6
nan,OMN,MENA,High,2011,8.1,11.3,26.4
nan,OMN,MENA,High,2012,8.0,11.8,27.2
nan,OMN,MENA,High,2013,7.8,12.4,28.1
nan,OMN,MENA,High,2014,7.7,13.0,29.1
nan,OMN,MENA,High,2015,7.5,13.6,30.2
nan,OMN,MENA,High,2016,7.3,14.3,31.3
nan,OMN,MENA,High,2017,7.1,15.1,32.5
nan,OMN,MENA,High,2018,7.0,15.8,33.7
nan,OMN,MENA,High,2019,6.8,16.5,34.9
nan,OMN,MENA,High,2020,6.6,17.3,36.1
nan,OMN,MENA,High,2021,6.5,18.1,37.4
nan,OMN,MENA,High,2022,6.3,18.8,38.6
nan,PAK,SA,Lower Middle,2000,23.1,0.8,3.9
nan,PAK,SA,Lower Middle,2001,22.8,0.9,4.2
nan,PAK,SA,Lower Middle,2002,22.6,1.0,4.4
nan,PAK,SA,Lower Middle,2003,22.3,1.1,4.7
nan,PAK,SA,Lower Middle,2004,22.0,1.2,5.0
nan,PAK,SA,Lower Middle,2005,21.7,1.3,5.4
nan,PAK,SA,Lower Middle,2006,21.5,1.4,5.7
nan,PAK,SA,Lower Middle,2007,21.2,1.5,6.1
nan,PAK,SA,Lower Middle,2008,21.0,1.7,6.5
nan,PAK,SA,Lower Middle,2009,20.7,1.9,7.0
nan,PAK,SA,Lower Middle,2010,20.5,2.1,7.5
nan,PAK,SA,Lower Middle,2011,20.2,2.3,8.1
nan,PAK,SA,Lower Middle,2012,19.9,2.6,8.7
nan,PAK,SA,Lower Middle,2013,19.7,2.9,9.4
nan,PAK,SA,Lower Middle,2014,19.3,3.3,10.1
nan,PAK,SA,Lower Middle,2015,19.0,3.7,11.0
nan,PAK,SA,Lower Middle,2016,18.7,4.2,11.9
nan,PAK,SA,Lower Middle,2017,18.3,4.8,12.9
nan,PAK,SA,Lower Middle,2018,17.9,5.4,13.9
nan,PAK,SA,Lower Middle,2019,17.6,6.1,15.1
nan,PAK,SA,Lower Middle,2020,17.2,6.8,16.3
nan,PAK,SA,Lower Middle,2021,16.8,7.6,17.5
nan,PAK,SA,Lower Middle,2022,16.4,8.5,18.9
nan,PAN,LAC,High,2000,2.2,6.3,21.8
nan,PAN,LAC,High,2001,2.2,6.6,22.4
nan,PAN,LAC,High,2002,2.1,6.9,23.0
nan,PAN,LAC,High,2003,2.1,7.2,23.6
nan,PAN,LAC,High,2004,2.0,7.5,24.3
nan,PAN,LAC,High,2005,2.0,7.8,24.9
nan,PAN,LAC,High,2006,2.0,8.1,25.5
nan,PAN,LAC,High,2007,2.0,8.4,26.1
nan,PAN,LAC,High,2008,2.0,8.7,26.7
nan,PAN,LAC,High,2009,2.0,9.0,27.4
nan,PAN,LAC,High,2010,1.9,9.4,28.1
nan,PAN,LAC,High,2011,1.9,9.7,28.8
nan,PAN,LAC,High,2012,1.9,10.0,29.5
nan,PAN,LAC,High,2013,2.0,10.4,30.2
nan,PAN,LAC,High,2014,2.0,10.8,31.0
nan,PAN,LAC,High,2015,2.0,11.2,31.8
nan,PAN,LAC,High,2016,2.0,11.6,32.6
nan,PAN,LAC,High,2017,2.0,12.0,33.4
nan,PAN,LAC,High,2018,2.1,12.4,34.2
nan,PAN,LAC,High,2019,2.1,12.9,35.1
nan,PAN,LAC,High,2020,2.2,13.3,35.9
nan,PAN,LAC,High,2021,2.2,13.8,36.7
nan,PAN,LAC,High,2022,2.3,14.3,37.6
nan,PER,LAC,Upper Middle,2000,1.4,3.9,19.1
nan,PER,LAC,Upper Middle,2001,1.3,4.1,19.4
nan,PER,LAC,Upper Middle,2002,1.3,4.2,19.7
nan,PER,LAC,Upper Middle,2003,1.3,4.4,20.1
nan,PER,LAC,Upper Middle,2004,1.3,4.6,20.4
nan,PER,LAC,Upper Middle,2005,1.2,4.9,20.8
nan,PER,LAC,Upper Middle,2006,1.2,5.1,21.3
nan,PER,LAC,Upper Middle,2007,1.2,5.4,21.8
nan,PER,LAC,Upper Middle,2008,1.2,5.8,22.4
nan,PER,LAC,Upper Middle,2009,1.2,6.1,23.2
nan,PER,LAC,Upper Middle,2010,1.2,6.6,24.0
nan,PER,LAC,Upper Middle,2011,1.2,7.1,25.0
nan,PER,LAC,Upper Middle,2012,1.2,7.7,26.1
nan,PER,LAC,Upper Middle,2013,1.2,8.4,27.3
nan,PER,LAC,Upper Middle,2014,1.2,9.1,28.6
nan,PER,LAC,Upper Middle,2015,1.2,9.9,29.9
nan,PER,LAC,Upper Middle,2016,1.2,10.7,31.3
nan,PER,LAC,Upper Middle,2017,1.2,11.6,32.9
nan,PER,LAC,Upper Middle,2018,1.2,12.6,34.4
nan,PER,LAC,Upper Middle,2019,1.3,13.7,36.1
nan,PER,LAC,Upper Middle,2020,1.3,14.7,37.7
nan,PER,LAC,Upper Middle,2021,1.3,15.8,39.4
nan,PER,LAC,Upper Middle,2022,1.4,17.0,41.1
nan,PHL,EAP,Lower Middle,2000,10.1,1.3,5.1
nan,PHL,EAP,Lower Middle,2001,10.1,1.5,5.3
nan,PHL,EAP,Lower Middle,2002,10.1,1.6,5.6
nan,PHL,EAP,Lower Middle,2003,10.1,1.7,5.8
nan,PHL,EAP,Lower Middle,2004,10.1,1.8,6.0
nan,PHL,EAP,Lower Middle,2005,10.1,1.9,6.2
nan,PHL,EAP,Lower Middle,2006,10.1,2.0,6.5
nan,PHL,EAP,Lower Middle,2007,10.1,2.1,6.7
nan,PHL,EAP,Lower Middle,2008,10.1,2.2,7.0
nan,PHL,EAP,Lower Middle,2009,10.1,2.3,7.3
nan,PHL,EAP,Lower Middle,2010,10.1,2.5,7.6
nan,PHL,EAP,Lower Middle,2011,10.1,2.6,8.0
nan,PHL,EAP,Lower Middle,2012,10.2,2.8,8.4
nan,PHL,EAP,Lower Middle,2013,10.2,2.9,8.8
nan,PHL,EAP,Lower Middle,2014,10.2,3.1,9.3
nan,PHL,EAP,Lower Middle,2015,10.2,3.4,9.8
nan,PHL,EAP,Lower Middle,2016,10.2,3.6,10.4
nan,PHL,EAP,Lower Middle,2017,10.2,3.9,11.0
nan,PHL,EAP,Lower Middle,2018,10.2,4.3,11.7
nan,PHL,EAP,Lower Middle,2019,10.1,4.7,12.5
nan,PHL,EAP,Lower Middle,2020,10.1,5.1,13.3
nan,PHL,EAP,Lower Middle,2021,10.1,5.5,14.1
nan,PHL,EAP,Lower Middle,2022,10.1,5.9,15.0
nan,PLW,EAP,High,2000,2.3,12.9,30.8
nan,PLW,EAP,High,2001,2.2,13.6,31.6
nan,PLW,EAP,High,2002,2.2,14.3,32.6
nan,PLW,EAP,High,2003,2.2,15.0,33.6
nan,PLW,EAP,High,2004,2.1,15.8,34.6
nan,PLW,EAP,High,2005,2.1,16.5,35.4
nan,PLW,EAP,High,2006,2.1,17.2,36.2
nan,PLW,EAP,High,2007,2.0,17.8,37.0
nan,PLW,EAP,High,2008,2.0,18.5,37.6
nan,PLW,EAP,High,2009,2.0,19.1,38.2
nan,PLW,EAP,High,2010,2.0,19.7,38.7
nan,PLW,EAP,High,2011,2.0,20.2,39.2
nan,PLW,EAP,High,2012,2.0,20.7,39.7
nan,PLW,EAP,High,2013,2.0,21.3,40.2
nan,PLW,EAP,High,2014,2.0,22.0,40.9
nan,PLW,EAP,High,2015,2.0,22.6,41.6
nan,PLW,EAP,High,2016,1.9,23.3,42.4
nan,PLW,EAP,High,2017,1.9,24.0,43.2
nan,PLW,EAP,High,2018,1.9,24.8,44.0
nan,PLW,EAP,High,2019,1.9,25.6,44.9
nan,PLW,EAP,High,2020,1.8,26.4,45.8
nan,PLW,EAP,High,2021,1.8,27.2,46.8
nan,PLW,EAP,High,2022,1.7,28.0,47.7
nan,PNG,EAP,Lower Middle,2000,2.2,6.0,23.3
nan,PNG,EAP,Lower Middle,2001,2.2,6.3,23.9
nan,PNG,EAP,Lower Middle,2002,2.1,6.6,24.4
nan,PNG,EAP,Lower Middle,2003,2.1,6.9,25.0
nan,PNG,EAP,Lower Middle,2004,2.1,7.3,25.6
nan,PNG,EAP,Lower Middle,2005,2.1,7.6,26.1
nan,PNG,EAP,Lower Middle,2006,2.0,8.0,26.7
nan,PNG,EAP,Lower Middle,2007,2.0,8.3,27.2
nan,PNG,EAP,Lower Middle,2008,2.0,8.7,27.7
nan,PNG,EAP,Lower Middle,2009,2.0,9.1,28.3
nan,PNG,EAP,Lower Middle,2010,2.0,9.5,28.8
nan,PNG,EAP,Lower Middle,2011,2.0,9.9,29.3
nan,PNG,EAP,Lower Middle,2012,2.0,10.3,29.9
nan,PNG,EAP,Lower Middle,2013,2.0,10.7,30.5
nan,PNG,EAP,Lower Middle,2014,1.9,11.1,31.1
nan,PNG,EAP,Lower Middle,2015,1.9,11.6,31.7
nan,PNG,EAP,Lower Middle,2016,1.9,12.1,32.3
nan,PNG,EAP,Lower Middle,2017,1.9,12.6,32.9
nan,PNG,EAP,Lower Middle,2018,1.9,13.1,33.6
nan,PNG,EAP,Lower Middle,2019,2.0,13.7,34.3
nan,PNG,EAP,Lower Middle,2020,2.0,14.2,35.0
nan,PNG,EAP,Lower Middle,2021,2.0,14.8,35.7
nan,PNG,EAP,Lower Middle,2022,2.0,15.4,36.4
nan,POL,WE,High,2000,3.2,4.4,16.7
nan,POL,WE,High,2001,3.2,4.6,17.1
nan,POL,WE,High,2002,3.2,4.8,17.6
nan,POL,WE,High,2003,3.1,5.0,18.1
nan,POL,WE,High,2004,3.1,5.3,18.7
nan,POL,WE,High,2005,3.0,5.5,19.3
nan,POL,WE,High,2006,3.0,5.7,19.8
nan,POL,WE,High,2007,2.9,6.0,20.4
nan,POL,WE,High,2008,2.9,6.2,20.9
nan,POL,WE,High,2009,2.8,6.4,21.4
nan,POL,WE,High,2010,2.8,6.6,21.8
nan,POL,WE,High,2011,2.8,6.7,22.1
nan,POL,WE,High,2012,2.8,6.8,22.4
nan,POL,WE,High,2013,2.8,6.9,22.6
nan,POL,WE,High,2014,2.8,7.0,22.8
nan,POL,WE,High,2015,2.8,7.0,22.9
nan,POL,WE,High,2016,2.8,7.1,23.0
nan,POL,WE,High,2017,2.8,7.1,23.1
nan,POL,WE,High,2018,2.9,7.1,23.2
nan,POL,WE,High,2019,2.9,7.2,23.2
nan,POL,WE,High,2020,2.9,7.2,23.2
nan,POL,WE,High,2021,2.9,7.2,23.2
nan,POL,WE,High,2022,2.9,7.1,23.0
nan,PRK,EAP,Low,2000,10.9,2.5,7.6
nan,PRK,EAP,Low,2001,10.8,2.7,8.0
nan,PRK,EAP,Low,2002,10.7,2.9,8.5
nan,PRK,EAP,Low,2003,10.6,3.1,8.9
nan,PRK,EAP,Low,2004,10.5,3.3,9.4
nan,PRK,EAP,Low,2005,10.4,3.6,9.9
nan,PRK,EAP,Low,2006,10.3,3.8,10.4
nan,PRK,EAP,Low,2007,10.1,4.0,10.9
nan,PRK,EAP,Low,2008,10.0,4.2,11.4
nan,PRK,EAP,Low,2009,10.0,4.5,11.9
nan,PRK,EAP,Low,2010,9.9,4.7,12.4
nan,PRK,EAP,Low,2011,9.8,4.9,13.0
nan,PRK,EAP,Low,2012,9.7,5.2,13.6
nan,PRK,EAP,Low,2013,9.6,5.5,14.2
nan,PRK,EAP,Low,2014,9.5,5.8,14.8
nan,PRK,EAP,Low,2015,9.5,6.1,15.4
nan,PRK,EAP,Low,2016,9.4,6.4,16.1
nan,PRK,EAP,Low,2017,9.4,6.8,16.8
nan,PRK,EAP,Low,2018,9.4,7.2,17.6
nan,PRK,EAP,Low,2019,9.3,7.6,18.4
nan,PRK,EAP,Low,2020,9.3,8.1,19.2
nan,PRK,EAP,Low,2021,9.2,8.6,20.1
nan,PRK,EAP,Low,2022,9.2,9.2,21.0
nan,PRT,WE,High,2000,1.1,8.3,27.6
nan,PRT,WE,High,2001,1.1,8.7,28.4
nan,PRT,WE,High,2002,1.1,9.0,29.0
nan,PRT,WE,High,2003,1.1,9.3,29.6
nan,PRT,WE,High,2004,1.1,9.6,30.0
nan,PRT,WE,High,2005,1.1,9.8,30.3
nan,PRT,WE,High,2006,1.1,10.0,30.4
nan,PRT,WE,High,2007,1.1,10.1,30.3
nan,PRT,WE,High,2008,1.1,10.1,30.0
nan,PRT,WE,High,2009,1.1,10.0,29.7
nan,PRT,WE,High,2010,1.1,9.9,29.2
nan,PRT,WE,High,2011,1.2,9.8,28.6
nan,PRT,WE,High,2012,1.2,9.6,28.0
nan,PRT,WE,High,2013,1.3,9.3,27.3
nan,PRT,WE,High,2014,1.3,9.1,26.5
nan,PRT,WE,High,2015,1.4,8.8,25.8
nan,PRT,WE,High,2016,1.5,8.6,25.0
nan,PRT,WE,High,2017,1.6,8.4,24.4
nan,PRT,WE,High,2018,1.6,8.2,23.7
nan,PRT,WE,High,2019,1.7,8.1,23.0
nan,PRT,WE,High,2020,1.8,7.9,22.4
nan,PRT,WE,High,2021,1.9,7.7,21.8
nan,PRT,WE,High,2022,2.0,7.6,21.3
nan,PRY,LAC,Upper Middle,2000,3.0,5.8,21.1
nan,PRY,LAC,Upper Middle,2001,2.9,6.1,21.6
nan,PRY,LAC,Upper Middle,2002,2.8,6.4,22.2
nan,PRY,LAC,Upper Middle,2003,2.7,6.6,22.8
nan,PRY,LAC,Upper Middle,2004,2.7,6.9,23.4
nan,PRY,LAC,Upper Middle,2005,2.6,7.2,23.9
nan,PRY,LAC,Upper Middle,2006,2.5,7.5,24.5
nan,PRY,LAC,Upper Middle,2007,2.5,7.8,25.1
nan,PRY,LAC,Upper Middle,2008,2.4,8.2,25.7
nan,PRY,LAC,Upper Middle,2009,2.4,8.5,26.2
nan,PRY,LAC,Upper Middle,2010,2.3,8.8,26.8
nan,PRY,LAC,Upper Middle,2011,2.3,9.2,27.3
nan,PRY,LAC,Upper Middle,2012,2.3,9.5,27.9
nan,PRY,LAC,Upper Middle,2013,2.2,9.9,28.5
nan,PRY,LAC,Upper Middle,2014,2.2,10.3,29.1
nan,PRY,LAC,Upper Middle,2015,2.2,10.8,29.7
nan,PRY,LAC,Upper Middle,2016,2.2,11.2,30.3
nan,PRY,LAC,Upper Middle,2017,2.2,11.7,31.0
nan,PRY,LAC,Upper Middle,2018,2.2,12.2,31.6
nan,PRY,LAC,Upper Middle,2019,2.2,12.8,32.3
nan,PRY,LAC,Upper Middle,2020,2.2,13.3,33.1
nan,PRY,LAC,Upper Middle,2021,2.2,13.9,33.8
nan,PRY,LAC,Upper Middle,2022,2.3,14.5,34.5
nan,PSE,MENA,Lower Middle,2000,4.2,5.1,19.9
nan,PSE,MENA,Lower Middle,2001,4.2,5.4,20.4
nan,PSE,MENA,Lower Middle,2002,4.1,5.7,20.9
nan,PSE,MENA,Lower Middle,2003,4.1,5.9,21.4
nan,PSE,MENA,Lower Middle,2004,4.0,6.2,21.9
nan,PSE,MENA,Lower Middle,2005,4.0,6.5,22.3
nan,PSE,MENA,Lower Middle,2006,4.0,6.7,22.8
nan,PSE,MENA,Lower Middle,2007,4.0,7.0,23.2
nan,PSE,MENA,Lower Middle,2008,4.0,7.3,23.5
nan,PSE,MENA,Lower Middle,2009,4.0,7.6,23.9
nan,PSE,MENA,Lower Middle,2010,4.0,7.9,24.2
nan,PSE,MENA,Lower Middle,2011,4.0,8.1,24.6
nan,PSE,MENA,Lower Middle,2012,3.9,8.5,24.9
nan,PSE,MENA,Lower Middle,2013,3.9,8.8,25.4
nan,PSE,MENA,Lower Middle,2014,3.9,9.2,25.8
nan,PSE,MENA,Lower Middle,2015,3.9,9.6,26.4
nan,PSE,MENA,Lower Middle,2016,3.8,10.1,27.0
nan,PSE,MENA,Lower Middle,2017,3.8,10.6,27.6
nan,PSE,MENA,Lower Middle,2018,3.8,11.1,28.3
nan,PSE,MENA,Lower Middle,2019,3.8,11.7,29.0
nan,PSE,MENA,Lower Middle,2020,3.8,12.3,29.7
nan,PSE,MENA,Lower Middle,2021,3.7,12.9,30.4
nan,PSE,MENA,Lower Middle,2022,3.7,13.5,31.2
nan,QAT,MENA,High,2000,5.9,12.0,31.6
nan,QAT,MENA,High,2001,5.8,12.6,32.5
nan,QAT,MENA,High,2002,5.7,13.1,33.4
nan,QAT,MENA,High,2003,5.6,13.6,34.3
nan,QAT,MENA,High,2004,5.6,14.1,35.1
nan,QAT,MENA,High,2005,5.5,14.7,36.0
nan,QAT,MENA,High,2006,5.5,15.4,36.8
nan,QAT,MENA,High,2007,5.5,16.0,37.6
nan,QAT,MENA,High,2008,5.5,16.6,38.3
nan,QAT,MENA,High,2009,5.5,17.1,38.8
nan,QAT,MENA,High,2010,5.5,17.6,39.4
nan,QAT,MENA,High,2011,5.6,18.2,40.1
nan,QAT,MENA,High,2012,5.6,18.8,40.6
nan,QAT,MENA,High,2013,5.6,19.3,41.2
nan,QAT,MENA,High,2014,5.6,19.9,41.9
nan,QAT,MENA,High,2015,5.6,20.4,42.4
nan,QAT,MENA,High,2016,5.6,20.9,43.0
nan,QAT,MENA,High,2017,5.6,21.4,43.6
nan,QAT,MENA,High,2018,5.7,21.9,44.1
nan,QAT,MENA,High,2019,5.7,22.4,44.8
nan,QAT,MENA,High,2020,5.7,22.8,45.3
nan,QAT,MENA,High,2021,5.8,23.3,45.9
nan,QAT,MENA,High,2022,5.8,23.9,46.6
nan,ROU,EECA,High,2000,5.5,1.7,9.8
nan,ROU,EECA,High,2001,5.4,1.9,10.2
nan,ROU,EECA,High,2002,5.3,2.1,10.6
nan,ROU,EECA,High,2003,5.2,2.3,11.1
nan,ROU,EECA,High,2004,5.0,2.5,11.7
nan,ROU,EECA,High,2005,4.9,2.8,12.4
nan,ROU,EECA,High,2006,4.8,3.2,13.2
nan,ROU,EECA,High,2007,4.8,3.5,14.1
nan,ROU,EECA,High,2008,4.7,4.0,14.9
nan,ROU,EECA,High,2009,4.7,4.4,15.8
nan,ROU,EECA,High,2010,4.7,4.8,16.6
nan,ROU,EECA,High,2011,4.6,5.2,17.4
nan,ROU,EECA,High,2012,4.6,5.6,18.1
nan,ROU,EECA,High,2013,4.6,5.9,18.7
nan,ROU,EECA,High,2014,4.6,6.3,19.2
nan,ROU,EECA,High,2015,4.6,6.6,19.8
nan,ROU,EECA,High,2016,4.6,6.9,20.3
nan,ROU,EECA,High,2017,4.7,7.3,20.8
nan,ROU,EECA,High,2018,4.7,7.6,21.3
nan,ROU,EECA,High,2019,4.8,7.9,21.7
nan,ROU,EECA,High,2020,4.9,8.2,22.2
nan,ROU,EECA,High,2021,4.9,8.6,22.7
nan,ROU,EECA,High,2022,4.9,8.8,23.0
nan,RUS,EECA,High,2000,4.2,4.2,14.4
nan,RUS,EECA,High,2001,4.1,4.3,14.4
nan,RUS,EECA,High,2002,4.0,4.4,14.5
nan,RUS,EECA,High,2003,3.9,4.5,14.7
nan,RUS,EECA,High,2004,3.8,4.7,15.1
nan,RUS,EECA,High,2005,3.7,4.9,15.5
nan,RUS,EECA,High,2006,3.7,5.2,16.0
nan,RUS,EECA,High,2007,3.6,5.5,16.6
nan,RUS,EECA,High,2008,3.5,5.9,17.2
nan,RUS,EECA,High,2009,3.5,6.2,17.9
nan,RUS,EECA,High,2010,3.5,6.5,18.5
nan,RUS,EECA,High,2011,3.5,6.7,19.0
nan,RUS,EECA,High,2012,3.5,6.9,19.4
nan,RUS,EECA,High,2013,3.4,7.0,19.7
nan,RUS,EECA,High,2014,3.4,7.0,19.9
nan,RUS,EECA,High,2015,3.4,7.0,20.0
nan,RUS,EECA,High,2016,3.4,7.0,20.1
nan,RUS,EECA,High,2017,3.4,6.9,20.1
nan,RUS,EECA,High,2018,3.4,6.8,20.1
nan,RUS,EECA,High,2019,3.4,6.7,20.0
nan,RUS,EECA,High,2020,3.4,6.5,19.9
nan,RUS,EECA,High,2021,3.3,6.4,19.9
nan,RUS,EECA,High,2022,3.3,6.2,19.7
nan,RWA,ESA,Low,2000,8.5,0.5,4.9
nan,RWA,ESA,Low,2001,8.2,0.5,5.0
nan,RWA,ESA,Low,2002,8.0,0.5,5.2
nan,RWA,ESA,Low,2003,7.8,0.6,5.4
nan,RWA,ESA,Low,2004,7.6,0.6,5.6
nan,RWA,ESA,Low,2005,7.4,0.6,5.7
nan,RWA,ESA,Low,2006,7.3,0.7,5.9
nan,RWA,ESA,Low,2007,7.1,0.7,6.1
nan,RWA,ESA,Low,2008,7.0,0.8,6.2
nan,RWA,ESA,Low,2009,6.8,0.8,6.4
nan,RWA,ESA,Low,2010,6.7,0.8,6.6
nan,RWA,ESA,Low,2011,6.6,0.9,6.8
nan,RWA,ESA,Low,2012,6.4,0.9,7.0
nan,RWA,ESA,Low,2013,6.3,1.0,7.2
nan,RWA,ESA,Low,2014,6.2,1.0,7.4
nan,RWA,ESA,Low,2015,6.1,1.1,7.6
nan,RWA,ESA,Low,2016,6.0,1.1,7.9
nan,RWA,ESA,Low,2017,5.9,1.2,8.2
nan,RWA,ESA,Low,2018,5.8,1.3,8.4
nan,RWA,ESA,Low,2019,5.7,1.3,8.7
nan,RWA,ESA,Low,2020,5.7,1.4,9.0
nan,RWA,ESA,Low,2021,5.6,1.5,9.3
nan,RWA,ESA,Low,2022,5.5,1.6,9.6
nan,SAU,MENA,High,2000,9.2,7.8,19.1
nan,SAU,MENA,High,2001,9.3,8.2,19.9
nan,SAU,MENA,High,2002,9.4,8.6,20.7
nan,SAU,MENA,High,2003,9.4,9.0,21.6
nan,SAU,MENA,High,2004,9.5,9.5,22.6
nan,SAU,MENA,High,2005,9.6,10.0,23.7
nan,SAU,MENA,High,2006,9.6,10.5,24.7
nan,SAU,MENA,High,2007,9.7,11.0,25.8
nan,SAU,MENA,High,2008,9.7,11.5,26.8
nan,SAU,MENA,High,2009,9.8,12.0,27.8
nan,SAU,MENA,High,2010,9.8,12.5,28.8
nan,SAU,MENA,High,2011,9.8,12.9,29.7
nan,SAU,MENA,High,2012,9.8,13.3,30.7
nan,SAU,MENA,High,2013,9.8,13.7,31.6
nan,SAU,MENA,High,2014,9.8,14.2,32.6
nan,SAU,MENA,High,2015,9.8,14.6,33.5
nan,SAU,MENA,High,2016,9.8,15.0,34.4
nan,SAU,MENA,High,2017,9.7,15.5,35.5
nan,SAU,MENA,High,2018,9.6,16.0,36.7
nan,SAU,MENA,High,2019,9.5,16.5,37.9
nan,SAU,MENA,High,2020,9.5,17.1,39.0
nan,SAU,MENA,High,2021,9.4,17.6,40.2
nan,SAU,MENA,High,2022,9.3,18.1,41.4
nan,SDN,ESA,Low,2000,15.4,1.4,5.5
nan,SDN,ESA,Low,2001,15.3,1.5,5.8
nan,SDN,ESA,Low,2002,15.1,1.6,6.0
nan,SDN,ESA,Low,2003,15.0,1.7,6.3
nan,SDN,ESA,Low,2004,14.9,1.9,6.6
nan,SDN,ESA,Low,2005,14.7,2.0,6.9
nan,SDN,ESA,Low,2006,14.6,2.2,7.2
nan,SDN,ESA,Low,2007,14.5,2.3,7.6
nan,SDN,ESA,Low,2008,14.5,2.5,7.9
nan,SDN,ESA,Low,2009,14.4,2.7,8.2
nan,SDN,ESA,Low,2010,14.4,2.9,8.5
nan,SDN,ESA,Low,2011,14.4,3.0,8.9
nan,SDN,ESA,Low,2012,14.4,3.2,9.2
nan,SDN,ESA,Low,2013,14.3,3.4,9.6
nan,SDN,ESA,Low,2014,14.3,3.7,10.0
nan,SDN,ESA,Low,2015,14.3,3.9,10.5
nan,SDN,ESA,Low,2016,14.3,4.2,10.9
nan,SDN,ESA,Low,2017,14.3,4.5,11.4
nan,SDN,ESA,Low,2018,14.3,4.8,11.9
nan,SDN,ESA,Low,2019,14.3,5.2,12.5
nan,SDN,ESA,Low,2020,14.4,5.6,13.1
nan,SDN,ESA,Low,2021,14.4,6.0,13.7
nan,SDN,ESA,Low,2022,14.4,6.4,14.3
nan,SEN,WCA,Lower Middle,2000,17.7,0.7,3.8
nan,SEN,WCA,Lower Middle,2001,17.5,0.7,3.9
nan,SEN,WCA,Lower Middle,2002,17.4,0.8,4.1
nan,SEN,WCA,Lower Middle,2003,17.3,0.8,4.2
nan,SEN,WCA,Lower Middle,2004,17.2,0.9,4.4
nan,SEN,WCA,Lower Middle,2005,17.1,0.9,4.6
nan,SEN,WCA,Lower Middle,2006,17.0,1.0,4.7
nan,SEN,WCA,Lower Middle,2007,16.9,1.0,4.9
nan,SEN,WCA,Lower Middle,2008,16.8,1.1,5.0
nan,SEN,WCA,Lower Middle,2009,16.7,1.1,5.2
nan,SEN,WCA,Lower Middle,2010,16.7,1.2,5.3
nan,SEN,WCA,Lower Middle,2011,16.6,1.2,5.5
nan,SEN,WCA,Lower Middle,2012,16.5,1.3,5.6
nan,SEN,WCA,Lower Middle,2013,16.5,1.3,5.8
nan,SEN,WCA,Lower Middle,2014,16.5,1.4,6.0
nan,SEN,WCA,Lower Middle,2015,16.4,1.5,6.2
nan,SEN,WCA,Lower Middle,2016,16.4,1.6,6.5
nan,SEN,WCA,Lower Middle,2017,16.4,1.7,6.7
nan,SEN,WCA,Lower Middle,2018,16.4,1.8,7.0
nan,SEN,WCA,Lower Middle,2019,16.4,2.0,7.4
nan,SEN,WCA,Lower Middle,2020,16.3,2.1,7.7
nan,SEN,WCA,Lower Middle,2021,16.3,2.3,8.1
nan,SEN,WCA,Lower Middle,2022,16.3,2.5,8.5
nan,SGP,EAP,High,2000,3.7,6.7,20.0
nan,SGP,EAP,High,2001,3.6,7.1,20.9
nan,SGP,EAP,High,2002,3.6,7.4,21.7
nan,SGP,EAP,High,2003,3.5,7.8,22.5
nan,SGP,EAP,High,2004,3.5,8.1,23.2
nan,SGP,EAP,High,2005,3.4,8.5,24.0
nan,SGP,EAP,High,2006,3.4,8.8,24.7
nan,SGP,EAP,High,2007,3.3,9.1,25.4
nan,SGP,EAP,High,2008,3.3,9.4,26.1
nan,SGP,EAP,High,2009,3.3,9.7,26.6
nan,SGP,EAP,High,2010,3.2,10.0,27.2
nan,SGP,EAP,High,2011,3.2,10.3,27.9
nan,SGP,EAP,High,2012,3.1,10.7,28.6
nan,SGP,EAP,High,2013,3.1,11.1,29.3
nan,SGP,EAP,High,2014,3.1,11.5,29.8
nan,SGP,EAP,High,2015,3.1,11.9,30.4
nan,SGP,EAP,High,2016,3.1,12.3,31.1
nan,SGP,EAP,High,2017,3.1,12.9,31.8
nan,SGP,EAP,High,2018,3.1,13.4,32.6
nan,SGP,EAP,High,2019,3.1,14.1,33.4
nan,SGP,EAP,High,2020,3.1,14.7,34.3
nan,SGP,EAP,High,2021,3.1,15.3,35.1
nan,SGP,EAP,High,2022,3.1,16.0,35.8
nan,SLB,EAP,Lower Middle,2000,2.0,2.2,14.3
nan,SLB,EAP,Lower Middle,2001,2.0,2.3,14.4
nan,SLB,EAP,Lower Middle,2002,2.0,2.4,14.6
nan,SLB,EAP,Lower Middle,2003,2.0,2.5,14.8
nan,SLB,EAP,Lower Middle,2004,2.0,2.6,14.9
nan,SLB,EAP,Lower Middle,2005,2.0,2.7,15.1
nan,SLB,EAP,Lower Middle,2006,2.0,2.8,15.3
nan,SLB,EAP,Lower Middle,2007,1.9,3.0,15.4
nan,SLB,EAP,Lower Middle,2008,1.9,3.2,15.6
nan,SLB,EAP,Lower Middle,2009,1.9,3.4,15.9
nan,SLB,EAP,Lower Middle,2010,1.9,3.6,16.1
nan,SLB,EAP,Lower Middle,2011,1.9,3.8,16.4
nan,SLB,EAP,Lower Middle,2012,1.9,4.1,16.8
nan,SLB,EAP,Lower Middle,2013,1.9,4.4,17.2
nan,SLB,EAP,Lower Middle,2014,1.9,4.7,17.6
nan,SLB,EAP,Lower Middle,2015,1.9,5.1,18.1
nan,SLB,EAP,Lower Middle,2016,1.9,5.5,18.6
nan,SLB,EAP,Lower Middle,2017,1.9,6.0,19.1
nan,SLB,EAP,Lower Middle,2018,1.9,6.5,19.7
nan,SLB,EAP,Lower Middle,2019,1.9,7.0,20.3
nan,SLB,EAP,Lower Middle,2020,1.9,7.6,21.0
nan,SLB,EAP,Lower Middle,2021,1.9,8.2,21.7
nan,SLB,EAP,Lower Middle,2022,1.9,8.9,22.5
nan,SLE,WCA,Low,2000,8.4,1.7,8.5
nan,SLE,WCA,Low,2001,8.2,1.8,8.9
nan,SLE,WCA,Low,2002,8.0,1.9,9.2
nan,SLE,WCA,Low,2003,7.7,2.0,9.5
nan,SLE,WCA,Low,2004,7.5,2.1,9.8
nan,SLE,WCA,Low,2005,7.3,2.2,10.1
nan,SLE,WCA,Low,2006,7.0,2.3,10.3
nan,SLE,WCA,Low,2007,6.8,2.3,10.5
nan,SLE,WCA,Low,2008,6.5,2.4,10.7
nan,SLE,WCA,Low,2009,6.2,2.4,10.8
nan,SLE,WCA,Low,2010,6.0,2.4,10.8
nan,SLE,WCA,Low,2011,5.7,2.3,10.8
nan,SLE,WCA,Low,2012,5.5,2.3,10.9
nan,SLE,WCA,Low,2013,5.3,2.3,10.9
nan,SLE,WCA,Low,2014,5.0,2.3,11.0
nan,SLE,WCA,Low,2015,4.8,2.3,11.1
nan,SLE,WCA,Low,2016,4.5,2.3,11.2
nan,SLE,WCA,Low,2017,4.3,2.3,11.3
nan,SLE,WCA,Low,2018,4.1,2.3,11.5
nan,SLE,WCA,Low,2019,3.9,2.4,11.6
nan,SLE,WCA,Low,2020,3.7,2.4,11.8
nan,SLE,WCA,Low,2021,3.6,2.5,12.0
nan,SLE,WCA,Low,2022,3.4,2.5,12.2
nan,SLV,LAC,Upper Middle,2000,2.5,7.3,23.9
nan,SLV,LAC,Upper Middle,2001,2.5,7.5,24.4
nan,SLV,LAC,Upper Middle,2002,2.5,7.8,24.9
nan,SLV,LAC,Upper Middle,2003,2.4,8.0,25.2
nan,SLV,LAC,Upper Middle,2004,2.4,8.2,25.5
nan,SLV,LAC,Upper Middle,2005,2.4,8.4,25.8
nan,SLV,LAC,Upper Middle,2006,2.4,8.6,26.0
nan,SLV,LAC,Upper Middle,2007,2.4,8.7,26.2
nan,SLV,LAC,Upper Middle,2008,2.4,8.9,26.3
nan,SLV,LAC,Upper Middle,2009,2.4,9.0,26.4
nan,SLV,LAC,Upper Middle,2010,2.4,9.1,26.5
nan,SLV,LAC,Upper Middle,2011,2.4,9.2,26.6
nan,SLV,LAC,Upper Middle,2012,2.4,9.3,26.7
nan,SLV,LAC,Upper Middle,2013,2.5,9.4,26.9
nan,SLV,LAC,Upper Middle,2014,2.5,9.6,27.1
nan,SLV,LAC,Upper Middle,2015,2.6,9.8,27.3
nan,SLV,LAC,Upper Middle,2016,2.6,10.0,27.5
nan,SLV,LAC,Upper Middle,2017,2.7,10.3,27.8
nan,SLV,LAC,Upper Middle,2018,2.7,10.5,28.1
nan,SLV,LAC,Upper Middle,2019,2.8,10.8,28.4
nan,SLV,LAC,Upper Middle,2020,2.9,11.1,28.7
nan,SLV,LAC,Upper Middle,2021,3.0,11.4,29.0
nan,SLV,LAC,Upper Middle,2022,3.1,11.6,29.3
nan,SOM,ESA,Low,2000,9.0,1.0,5.6
nan,SOM,ESA,Low,2001,8.7,1.1,5.8
nan,SOM,ESA,Low,2002,8.5,1.2,6.0
nan,SOM,ESA,Low,2003,8.4,1.3,6.2
nan,SOM,ESA,Low,2004,8.3,1.3,6.4
nan,SOM,ESA,Low,2005,8.2,1.4,6.7
nan,SOM,ESA,Low,2006,8.1,1.5,6.9
nan,SOM,ESA,Low,2007,8.0,1.6,7.1
nan,SOM,ESA,Low,2008,7.9,1.7,7.3
nan,SOM,ESA,Low,2009,7.8,1.8,7.5
nan,SOM,ESA,Low,2010,7.7,1.8,7.7
nan,SOM,ESA,Low,2011,7.6,1.9,7.9
nan,SOM,ESA,Low,2012,7.5,2.0,8.1
nan,SOM,ESA,Low,2013,7.5,2.1,8.4
nan,SOM,ESA,Low,2014,7.4,2.2,8.6
nan,SOM,ESA,Low,2015,7.3,2.3,8.9
nan,SOM,ESA,Low,2016,7.3,2.5,9.2
nan,SOM,ESA,Low,2017,7.3,2.6,9.5
nan,SOM,ESA,Low,2018,7.2,2.8,9.8
nan,SOM,ESA,Low,2019,7.2,3.0,10.1
nan,SOM,ESA,Low,2020,7.2,3.1,10.5
nan,SOM,ESA,Low,2021,7.2,3.4,10.9
nan,SOM,ESA,Low,2022,7.1,3.6,11.3
nan,SRB,EECA,Upper Middle,2000,3.1,6.1,20.2
nan,SRB,EECA,Upper Middle,2001,3.1,6.3,20.6
nan,SRB,EECA,Upper Middle,2002,3.0,6.5,21.1
nan,SRB,EECA,Upper Middle,2003,3.0,6.7,21.5
nan,SRB,EECA,Upper Middle,2004,2.9,6.9,22.1
nan,SRB,EECA,Upper Middle,2005,2.9,7.2,22.6
nan,SRB,EECA,Upper Middle,2006,2.8,7.5,23.3
nan,SRB,EECA,Upper Middle,2007,2.8,7.8,23.9
nan,SRB,EECA,Upper Middle,2008,2.7,8.1,24.5
nan,SRB,EECA,Upper Middle,2009,2.6,8.4,25.1
nan,SRB,EECA,Upper Middle,2010,2.5,8.7,25.6
nan,SRB,EECA,Upper Middle,2011,2.5,8.8,26.1
nan,SRB,EECA,Upper Middle,2012,2.4,9.0,26.5
nan,SRB,EECA,Upper Middle,2013,2.3,9.2,27.0
nan,SRB,EECA,Upper Middle,2014,2.3,9.4,27.5
nan,SRB,EECA,Upper Middle,2015,2.3,9.6,28.0
nan,SRB,EECA,Upper Middle,2016,2.2,9.8,28.3
nan,SRB,EECA,Upper Middle,2017,2.1,10.0,28.7
nan,SRB,EECA,Upper Middle,2018,2.1,10.1,29.0
nan,SRB,EECA,Upper Middle,2019,2.0,10.2,29.3
nan,SRB,EECA,Upper Middle,2020,2.0,10.4,29.7
nan,SRB,EECA,Upper Middle,2021,2.0,10.7,30.2
nan,SRB,EECA,Upper Middle,2022,1.9,10.9,30.7
nan,SSD,ESA,Low,2000,8.5,1.4,6.1
nan,SSD,ESA,Low,2001,8.4,1.5,6.4
nan,SSD,ESA,Low,2002,8.3,1.6,6.6
nan,SSD,ESA,Low,2003,8.2,1.7,6.9
nan,SSD,ESA,Low,2004,8.1,1.8,7.1
nan,SSD,ESA,Low,2005,8.0,2.0,7.4
nan,SSD,ESA,Low,2006,7.8,2.1,7.6
nan,SSD,ESA,Low,2007,7.7,2.2,7.9
nan,SSD,ESA,Low,2008,7.6,2.4,8.2
nan,SSD,ESA,Low,2009,7.5,2.5,8.4
nan,SSD,ESA,Low,2010,7.4,2.6,8.7
nan,SSD,ESA,Low,2011,7.3,2.8,8.9
nan,SSD,ESA,Low,2012,7.3,2.9,9.2
nan,SSD,ESA,Low,2013,7.2,3.1,9.5
nan,SSD,ESA,Low,2014,7.2,3.3,9.8
nan,SSD,ESA,Low,2015,7.1,3.5,10.2
nan,SSD,ESA,Low,2016,7.1,3.7,10.6
nan,SSD,ESA,Low,2017,7.0,4.0,11.0
nan,SSD,ESA,Low,2018,7.0,4.2,11.4
nan,SSD,ESA,Low,2019,6.9,4.5,11.8
nan,SSD,ESA,Low,2020,6.9,4.8,12.3
nan,SSD,ESA,Low,2021,6.9,5.1,12.8
nan,SSD,ESA,Low,2022,6.9,5.5,13.3
nan,STP,WCA,Lower Middle,2000,6.1,2.0,8.9
nan,STP,WCA,Lower Middle,2001,5.9,2.2,9.3
nan,STP,WCA,Lower Middle,2002,5.8,2.3,9.7
nan,STP,WCA,Lower Middle,2003,5.6,2.5,10.1
nan,STP,WCA,Lower Middle,2004,5.4,2.6,10.6
nan,STP,WCA,Lower Middle,2005,5.3,2.8,11.0
nan,STP,WCA,Lower Middle,2006,5.1,2.9,11.4
nan,STP,WCA,Lower Middle,2007,5.0,3.0,11.7
nan,STP,WCA,Lower Middle,2008,4.9,3.1,12.0
nan,STP,WCA,Lower Middle,2009,4.8,3.2,12.3
nan,STP,WCA,Lower Middle,2010,4.7,3.3,12.5
nan,STP,WCA,Lower Middle,2011,4.6,3.3,12.7
nan,STP,WCA,Lower Middle,2012,4.6,3.4,12.9
nan,STP,WCA,Lower Middle,2013,4.6,3.4,13.0
nan,STP,WCA,Lower Middle,2014,4.6,3.4,13.2
nan,STP,WCA,Lower Middle,2015,4.6,3.5,13.3
nan,STP,WCA,Lower Middle,2016,4.6,3.5,13.5
nan,STP,WCA,Lower Middle,2017,4.6,3.6,13.7
nan,STP,WCA,Lower Middle,2018,4.6,3.6,13.9
nan,STP,WCA,Lower Middle,2019,4.6,3.7,14.1
nan,STP,WCA,Lower Middle,2020,4.6,3.8,14.3
nan,STP,WCA,Lower Middle,2021,4.6,3.9,14.6
nan,STP,WCA,Lower Middle,2022,4.7,4.0,14.8
nan,SUR,LAC,Upper Middle,2000,4.8,8.1,19.3
nan,SUR,LAC,Upper Middle,2001,4.7,8.4,20.0
nan,SUR,LAC,Upper Middle,2002,4.7,8.8,20.6
nan,SUR,LAC,Upper Middle,2003,4.6,9.2,21.3
nan,SUR,LAC,Upper Middle,2004,4.5,9.6,22.0
nan,SUR,LAC,Upper Middle,2005,4.5,10.1,22.7
nan,SUR,LAC,Upper Middle,2006,4.5,10.5,23.4
nan,SUR,LAC,Upper Middle,2007,4.5,10.9,24.2
nan,SUR,LAC,Upper Middle,2008,4.4,11.4,24.9
nan,SUR,LAC,Upper Middle,2009,4.4,11.8,25.6
nan,SUR,LAC,Upper Middle,2010,4.4,12.2,26.4
nan,SUR,LAC,Upper Middle,2011,4.4,12.7,27.1
nan,SUR,LAC,Upper Middle,2012,4.4,13.1,27.8
nan,SUR,LAC,Upper Middle,2013,4.5,13.6,28.6
nan,SUR,LAC,Upper Middle,2014,4.5,14.0,29.3
nan,SUR,LAC,Upper Middle,2015,4.5,14.5,30.1
nan,SUR,LAC,Upper Middle,2016,4.5,15.0,30.9
nan,SUR,LAC,Upper Middle,2017,4.6,15.5,31.7
nan,SUR,LAC,Upper Middle,2018,4.6,16.0,32.5
nan,SUR,LAC,Upper Middle,2019,4.7,16.5,33.4
nan,SUR,LAC,Upper Middle,2020,4.7,17.1,34.2
nan,SUR,LAC,Upper Middle,2021,4.8,17.6,35.1
nan,SUR,LAC,Upper Middle,2022,4.9,18.2,35.9
nan,SVK,WE,High,2000,3.1,4.3,15.7
nan,SVK,WE,High,2001,3.1,4.6,16.2
nan,SVK,WE,High,2002,3.1,4.9,16.7
nan,SVK,WE,High,2003,3.0,5.3,17.3
nan,SVK,WE,High,2004,3.0,5.6,18.0
nan,SVK,WE,High,2005,2.9,6.0,18.7
nan,SVK,WE,High,2006,2.9,6.4,19.4
nan,SVK,WE,High,2007,2.8,6.8,20.1
nan,SVK,WE,High,2008,2.8,7.1,20.7
nan,SVK,WE,High,2009,2.8,7.5,21.4
nan,SVK,WE,High,2010,2.8,7.8,22.0
nan,SVK,WE,High,2011,2.8,8.1,22.6
nan,SVK,WE,High,2012,2.8,8.4,23.1
nan,SVK,WE,High,2013,2.9,8.6,23.6
nan,SVK,WE,High,2014,2.9,8.8,24.0
nan,SVK,WE,High,2015,3.0,8.9,24.3
nan,SVK,WE,High,2016,3.1,9.1,24.6
nan,SVK,WE,High,2017,3.1,9.2,25.0
nan,SVK,WE,High,2018,3.2,9.4,25.3
nan,SVK,WE,High,2019,3.3,9.5,25.6
nan,SVK,WE,High,2020,3.4,9.6,25.8
nan,SVK,WE,High,2021,3.5,9.7,26.0
nan,SVK,WE,High,2022,3.6,9.7,26.1
nan,SVN,WE,High,2000,1.4,6.4,22.8
nan,SVN,WE,High,2001,1.4,6.7,23.4
nan,SVN,WE,High,2002,1.4,7.0,23.9
nan,SVN,WE,High,2003,1.4,7.3,24.4
nan,SVN,WE,High,2004,1.4,7.6,25.0
nan,SVN,WE,High,2005,1.4,7.9,25.6
nan,SVN,WE,High,2006,1.4,8.2,26.2
nan,SVN,WE,High,2007,1.4,8.6,26.8
nan,SVN,WE,High,2008,1.4,8.9,27.4
nan,SVN,WE,High,2009,1.4,9.2,27.9
nan,SVN,WE,High,2010,1.4,9.4,28.3
nan,SVN,WE,High,2011,1.4,9.6,28.5
nan,SVN,WE,High,2012,1.5,9.7,28.7
nan,SVN,WE,High,2013,1.5,9.8,28.8
nan,SVN,WE,High,2014,1.5,9.9,28.9
nan,SVN,WE,High,2015,1.6,10.0,29.0
nan,SVN,WE,High,2016,1.6,10.1,29.0
nan,SVN,WE,High,2017,1.7,10.2,29.1
nan,SVN,WE,High,2018,1.7,10.4,29.1
nan,SVN,WE,High,2019,1.8,10.5,29.2
nan,SVN,WE,High,2020,1.8,10.6,29.3
nan,SVN,WE,High,2021,1.9,10.8,29.3
nan,SVN,WE,High,2022,1.9,10.8,29.2
nan,SWE,WE,High,2000,1.3,5.5,20.9
nan,SWE,WE,High,2001,1.4,5.6,21.0
nan,SWE,WE,High,2002,1.4,5.7,21.1
nan,SWE,WE,High,2003,1.5,5.8,21.2
nan,SWE,WE,High,2004,1.5,5.8,21.2
nan,SWE,WE,High,2005,1.5,5.8,21.2
nan,SWE,WE,High,2006,1.6,5.9,21.1
nan,SWE,WE,High,2007,1.6,5.9,21.1
nan,SWE,WE,High,2008,1.6,6.0,21.1
nan,SWE,WE,High,2009,1.6,6.1,21.2
nan,SWE,WE,High,2010,1.7,6.2,21.4
nan,SWE,WE,High,2011,1.7,6.4,21.7
nan,SWE,WE,High,2012,1.7,6.6,22.0
nan,SWE,WE,High,2013,1.7,6.8,22.4
nan,SWE,WE,High,2014,1.7,7.1,22.8
nan,SWE,WE,High,2015,1.7,7.4,23.3
nan,SWE,WE,High,2016,1.7,7.8,23.7
nan,SWE,WE,High,2017,1.7,8.1,24.2
nan,SWE,WE,High,2018,1.8,8.5,24.7
nan,SWE,WE,High,2019,1.8,8.9,25.2
nan,SWE,WE,High,2020,1.8,9.3,25.7
nan,SWE,WE,High,2021,1.8,9.7,26.2
nan,SWE,WE,High,2022,1.8,10.1,26.7
nan,SWZ,ESA,Lower Middle,2000,4.7,2.2,10.5
nan,SWZ,ESA,Lower Middle,2001,4.5,2.3,10.9
nan,SWZ,ESA,Lower Middle,2002,4.4,2.5,11.4
nan,SWZ,ESA,Lower Middle,2003,4.3,2.6,11.8
nan,SWZ,ESA,Lower Middle,2004,4.2,2.8,12.2
nan,SWZ,ESA,Lower Middle,2005,4.1,3.0,12.6
nan,SWZ,ESA,Lower Middle,2006,4.0,3.2,13.0
nan,SWZ,ESA,Lower Middle,2007,3.9,3.4,13.4
nan,SWZ,ESA,Lower Middle,2008,3.8,3.5,13.8
nan,SWZ,ESA,Lower Middle,2009,3.7,3.7,14.1
nan,SWZ,ESA,Lower Middle,2010,3.7,3.9,14.4
nan,SWZ,ESA,Lower Middle,2011,3.6,4.1,14.7
nan,SWZ,ESA,Lower Middle,2012,3.6,4.2,15.0
nan,SWZ,ESA,Lower Middle,2013,3.6,4.4,15.3
nan,SWZ,ESA,Lower Middle,2014,3.6,4.6,15.6
nan,SWZ,ESA,Lower Middle,2015,3.6,4.8,15.9
nan,SWZ,ESA,Lower Middle,2016,3.6,5.1,16.3
nan,SWZ,ESA,Lower Middle,2017,3.6,5.3,16.7
nan,SWZ,ESA,Lower Middle,2018,3.6,5.6,17.1
nan,SWZ,ESA,Lower Middle,2019,3.7,5.9,17.5
nan,SWZ,ESA,Lower Middle,2020,3.7,6.2,18.0
nan,SWZ,ESA,Lower Middle,2021,3.7,6.5,18.4
nan,SWZ,ESA,Lower Middle,2022,3.8,6.8,18.9
nan,SYC,ESA,High,2000,7.0,5.7,15.3
nan,SYC,ESA,High,2001,6.9,6.1,16.1
nan,SYC,ESA,High,2002,6.8,6.6,17.0
nan,SYC,ESA,High,2003,6.7,7.1,17.9
nan,SYC,ESA,High,2004,6.6,7.6,18.8
nan,SYC,ESA,High,2005,6.5,8.1,19.6
nan,SYC,ESA,High,2006,6.5,8.6,20.4
nan,SYC,ESA,High,2007,6.4,9.1,21.2
nan,SYC,ESA,High,2008,6.4,9.5,21.8
nan,SYC,ESA,High,2009,6.4,9.8,22.4
nan,SYC,ESA,High,2010,6.3,10.2,22.9
nan,SYC,ESA,High,2011,6.3,10.5,23.5
nan,SYC,ESA,High,2012,6.3,10.9,24.0
nan,SYC,ESA,High,2013,6.3,11.4,24.7
nan,SYC,ESA,High,2014,6.3,11.9,25.5
nan,SYC,ESA,High,2015,6.2,12.5,26.3
nan,SYC,ESA,High,2016,6.2,13.1,27.3
nan,SYC,ESA,High,2017,6.2,13.9,28.3
nan,SYC,ESA,High,2018,6.1,14.7,29.4
nan,SYC,ESA,High,2019,6.0,15.5,30.5
nan,SYC,ESA,High,2020,5.9,16.3,31.7
nan,SYC,ESA,High,2021,5.8,17.2,32.8
nan,SYC,ESA,High,2022,5.7,18.1,34.0
nan,SYR,MENA,Low,2000,5.8,7.5,21.5
nan,SYR,MENA,Low,2001,5.7,7.9,22.1
nan,SYR,MENA,Low,2002,5.6,8.2,22.7
nan,SYR,MENA,Low,2003,5.6,8.5,23.4
nan,SYR,MENA,Low,2004,5.5,8.9,24.0
nan,SYR,MENA,Low,2005,5.5,9.2,24.6
nan,SYR,MENA,Low,2006,5.4,9.6,25.2
nan,SYR,MENA,Low,2007,5.4,9.9,25.7
nan,SYR,MENA,Low,2008,5.4,10.2,26.2
nan,SYR,MENA,Low,2009,5.4,10.6,26.8
nan,SYR,MENA,Low,2010,5.4,10.9,27.3
nan,SYR,MENA,Low,2011,5.3,11.2,27.8
nan,SYR,MENA,Low,2012,5.3,11.6,28.4
nan,SYR,MENA,Low,2013,5.3,12.0,29.0
nan,SYR,MENA,Low,2014,5.3,12.4,29.7
nan,SYR,MENA,Low,2015,5.2,12.8,30.4
nan,SYR,MENA,Low,2016,5.2,13.2,31.1
nan,SYR,MENA,Low,2017,5.2,13.7,31.9
nan,SYR,MENA,Low,2018,5.1,14.1,32.6
nan,SYR,MENA,Low,2019,5.1,14.6,33.4
nan,SYR,MENA,Low,2020,5.1,15.0,34.2
nan,SYR,MENA,Low,2021,5.0,15.5,35.1
nan,SYR,MENA,Low,2022,5.0,15.9,35.8
nan,TCD,WCA,Low,2000,11.5,1.0,5.0
nan,TCD,WCA,Low,2001,11.3,1.1,5.2
nan,TCD,WCA,Low,2002,11.1,1.2,5.5
nan,TCD,WCA,Low,2003,11.0,1.3,5.7
nan,TCD,WCA,Low,2004,10.8,1.3,5.9
nan,TCD,WCA,Low,2005,10.6,1.4,6.2
nan,TCD,WCA,Low,2006,10.5,1.5,6.4
nan,TCD,WCA,Low,2007,10.4,1.6,6.6
nan,TCD,WCA,Low,2008,10.2,1.7,6.8
nan,TCD,WCA,Low,2009,10.1,1.7,7.0
nan,TCD,WCA,Low,2010,10.0,1.8,7.2
nan,TCD,WCA,Low,2011,10.0,1.9,7.4
nan,TCD,WCA,Low,2012,9.9,1.9,7.6
nan,TCD,WCA,Low,2013,9.8,2.0,7.8
nan,TCD,WCA,Low,2014,9.8,2.1,8.0
nan,TCD,WCA,Low,2015,9.7,2.2,8.3
nan,TCD,WCA,Low,2016,9.7,2.4,8.6
nan,TCD,WCA,Low,2017,9.7,2.5,8.9
nan,TCD,WCA,Low,2018,9.7,2.7,9.2
nan,TCD,WCA,Low,2019,9.7,2.8,9.5
nan,TCD,WCA,Low,2020,9.7,3.0,9.9
nan,TCD,WCA,Low,2021,9.7,3.2,10.3
nan,TCD,WCA,Low,2022,9.7,3.5,10.7
nan,TGO,WCA,Low,2000,8.3,1.3,7.2
nan,TGO,WCA,Low,2001,8.1,1.4,7.5
nan,TGO,WCA,Low,2002,7.9,1.5,7.8
nan,TGO,WCA,Low,2003,7.7,1.6,8.1
nan,TGO,WCA,Low,2004,7.5,1.6,8.4
nan,TGO,WCA,Low,2005,7.3,1.7,8.7
nan,TGO,WCA,Low,2006,7.1,1.8,9.0
nan,TGO,WCA,Low,2007,6.9,1.9,9.3
nan,TGO,WCA,Low,2008,6.8,2.0,9.5
nan,TGO,WCA,Low,2009,6.6,2.1,9.7
nan,TGO,WCA,Low,2010,6.5,2.1,9.9
nan,TGO,WCA,Low,2011,6.4,2.2,10.0
nan,TGO,WCA,Low,2012,6.2,2.2,10.2
nan,TGO,WCA,Low,2013,6.1,2.3,10.3
nan,TGO,WCA,Low,2014,6.0,2.3,10.4
nan,TGO,WCA,Low,2015,5.9,2.4,10.6
nan,TGO,WCA,Low,2016,5.8,2.4,10.7
nan,TGO,WCA,Low,2017,5.8,2.5,10.9
nan,TGO,WCA,Low,2018,5.7,2.6,11.0
nan,TGO,WCA,Low,2019,5.6,2.7,11.2
nan,TGO,WCA,Low,2020,5.5,2.8,11.3
nan,TGO,WCA,Low,2021,5.5,2.9,11.5
nan,TGO,WCA,Low,2022,5.4,3.0,11.7
nan,THA,EAP,Upper Middle,2000,9.2,4.8,12.6
nan,THA,EAP,Upper Middle,2001,9.0,5.1,13.2
nan,THA,EAP,Upper Middle,2002,8.7,5.5,13.9
nan,THA,EAP,Upper Middle,2003,8.5,5.8,14.5
nan,THA,EAP,Upper Middle,2004,8.3,6.2,15.1
nan,THA,EAP,Upper Middle,2005,8.2,6.5,15.7
nan,THA,EAP,Upper Middle,2006,8.0,6.8,16.2
nan,THA,EAP,Upper Middle,2007,7.9,7.1,16.8
nan,THA,EAP,Upper Middle,2008,7.8,7.4,17.3
nan,THA,EAP,Upper Middle,2009,7.7,7.7,17.8
nan,THA,EAP,Upper Middle,2010,7.6,8.0,18.3
nan,THA,EAP,Upper Middle,2011,7.6,8.3,18.8
nan,THA,EAP,Upper Middle,2012,7.5,8.5,19.3
nan,THA,EAP,Upper Middle,2013,7.5,8.8,19.9
nan,THA,EAP,Upper Middle,2014,7.5,9.1,20.4
nan,THA,EAP,Upper Middle,2015,7.6,9.5,21.0
nan,THA,EAP,Upper Middle,2016,7.6,9.9,21.7
nan,THA,EAP,Upper Middle,2017,7.7,10.3,22.3
nan,THA,EAP,Upper Middle,2018,7.8,10.7,23.0
nan,THA,EAP,Upper Middle,2019,7.9,11.1,23.7
nan,THA,EAP,Upper Middle,2020,8.0,11.5,24.4
nan,THA,EAP,Upper Middle,2021,8.1,11.9,25.1
nan,THA,EAP,Upper Middle,2022,8.2,12.3,25.7
nan,TJK,EECA,Lower Middle,2000,6.1,1.4,9.8
nan,TJK,EECA,Lower Middle,2001,6.0,1.3,9.8
nan,TJK,EECA,Lower Middle,2002,6.0,1.3,9.8
nan,TJK,EECA,Lower Middle,2003,5.9,1.3,9.7
nan,TJK,EECA,Lower Middle,2004,5.9,1.3,9.7
nan,TJK,EECA,Lower Middle,2005,5.8,1.3,9.7
nan,TJK,EECA,Lower Middle,2006,5.8,1.3,9.6
nan,TJK,EECA,Lower Middle,2007,5.9,1.3,9.6
nan,TJK,EECA,Lower Middle,2008,5.9,1.3,9.5
nan,TJK,EECA,Lower Middle,2009,5.9,1.3,9.5
nan,TJK,EECA,Lower Middle,2010,6.0,1.3,9.4
nan,TJK,EECA,Lower Middle,2011,6.1,1.3,9.4
nan,TJK,EECA,Lower Middle,2012,6.2,1.3,9.3
nan,TJK,EECA,Lower Middle,2013,6.3,1.3,9.2
nan,TJK,EECA,Lower Middle,2014,6.4,1.3,9.2
nan,TJK,EECA,Lower Middle,2015,6.6,1.3,9.1
nan,TJK,EECA,Lower Middle,2016,6.7,1.4,9.1
nan,TJK,EECA,Lower Middle,2017,6.9,1.4,9.1
nan,TJK,EECA,Lower Middle,2018,7.1,1.4,9.1
nan,TJK,EECA,Lower Middle,2019,7.4,1.4,9.1
nan,TJK,EECA,Lower Middle,2020,7.6,1.5,9.1
nan,TJK,EECA,Lower Middle,2021,7.9,1.5,9.2
nan,TJK,EECA,Lower Middle,2022,8.1,1.6,9.2
nan,TKL,EAP,Not Classified,2000,1.0,16.7,41.3
nan,TKL,EAP,Not Classified,2001,1.0,17.5,42.2
nan,TKL,EAP,Not Classified,2002,1.0,18.3,43.1
nan,TKL,EAP,Not Classified,2003,1.0,19.0,43.9
nan,TKL,EAP,Not Classified,2004,1.0,19.7,44.6
nan,TKL,EAP,Not Classified,2005,0.9,20.4,45.2
nan,TKL,EAP,Not Classified,2006,0.9,21.1,46.1
nan,TKL,EAP,Not Classified,2007,0.9,21.9,46.9
nan,TKL,EAP,Not Classified,2008,0.9,22.5,47.6
nan,TKL,EAP,Not Classified,2009,0.9,23.2,48.3
nan,TKL,EAP,Not Classified,2010,0.9,23.9,49.0
nan,TKL,EAP,Not Classified,2011,0.9,24.6,49.7
nan,TKL,EAP,Not Classified,2012,0.9,25.3,50.3
nan,TKL,EAP,Not Classified,2013,0.9,26.1,51.0
nan,TKL,EAP,Not Classified,2014,0.9,26.8,51.5
nan,TKL,EAP,Not Classified,2015,1.0,27.5,51.9
nan,TKL,EAP,Not Classified,2016,1.0,28.1,52.2
nan,TKL,EAP,Not Classified,2017,1.0,28.8,52.9
nan,TKL,EAP,Not Classified,2018,1.0,29.6,53.8
nan,TKL,EAP,Not Classified,2019,1.0,30.5,54.7
nan,TKL,EAP,Not Classified,2020,1.0,31.3,55.3
nan,TKL,EAP,Not Classified,2021,1.0,32.0,56.0
nan,TKL,EAP,Not Classified,2022,1.0,32.7,56.5
nan,TKM,EECA,Upper Middle,2000,4.8,2.3,13.2
nan,TKM,EECA,Upper Middle,2001,4.8,2.3,13.2
nan,TKM,EECA,Upper Middle,2002,4.7,2.3,13.2
nan,TKM,EECA,Upper Middle,2003,4.6,2.3,13.2
nan,TKM,EECA,Upper Middle,2004,4.6,2.2,13.3
nan,TKM,EECA,Upper Middle,2005,4.6,2.2,13.3
nan,TKM,EECA,Upper Middle,2006,4.5,2.3,13.3
nan,TKM,EECA,Upper Middle,2007,4.5,2.3,13.3
nan,TKM,EECA,Upper Middle,2008,4.5,2.3,13.4
nan,TKM,EECA,Upper Middle,2009,4.5,2.3,13.4
nan,TKM,EECA,Upper Middle,2010,4.5,2.3,13.4
nan,TKM,EECA,Upper Middle,2011,4.6,2.3,13.5
nan,TKM,EECA,Upper Middle,2012,4.6,2.4,13.6
nan,TKM,EECA,Upper Middle,2013,4.6,2.4,13.7
nan,TKM,EECA,Upper Middle,2014,4.6,2.5,13.8
nan,TKM,EECA,Upper Middle,2015,4.7,2.5,13.9
nan,TKM,EECA,Upper Middle,2016,4.8,2.6,14.1
nan,TKM,EECA,Upper Middle,2017,4.8,2.7,14.3
nan,TKM,EECA,Upper Middle,2018,4.9,2.8,14.6
nan,TKM,EECA,Upper Middle,2019,5.0,3.0,14.8
nan,TKM,EECA,Upper Middle,2020,5.1,3.1,15.1
nan,TKM,EECA,Upper Middle,2021,5.2,3.2,15.4
nan,TKM,EECA,Upper Middle,2022,5.3,3.4,15.8
nan,TLS,EAP,Lower Middle,2000,13.6,0.5,2.4
nan,TLS,EAP,Lower Middle,2001,13.6,0.6,2.5
nan,TLS,EAP,Lower Middle,2002,13.6,0.6,2.6
nan,TLS,EAP,Lower Middle,2003,13.5,0.6,2.7
nan,TLS,EAP,Lower Middle,2004,13.6,0.7,2.8
nan,TLS,EAP,Lower Middle,2005,13.6,0.7,2.9
nan,TLS,EAP,Lower Middle,2006,13.6,0.7,3.0
nan,TLS,EAP,Lower Middle,2007,13.6,0.7,3.0
nan,TLS,EAP,Lower Middle,2008,13.7,0.7,3.1
nan,TLS,EAP,Lower Middle,2009,13.8,0.7,3.1
nan,TLS,EAP,Lower Middle,2010,14.0,0.7,3.2
nan,TLS,EAP,Lower Middle,2011,14.2,0.7,3.2
nan,TLS,EAP,Lower Middle,2012,14.4,0.7,3.3
nan,TLS,EAP,Lower Middle,2013,14.6,0.7,3.3
nan,TLS,EAP,Lower Middle,2014,14.9,0.7,3.3
nan,TLS,EAP,Lower Middle,2015,15.2,0.7,3.3
nan,TLS,EAP,Lower Middle,2016,15.5,0.7,3.4
nan,TLS,EAP,Lower Middle,2017,15.8,0.7,3.4
nan,TLS,EAP,Lower Middle,2018,16.1,0.8,3.5
nan,TLS,EAP,Lower Middle,2019,16.4,0.8,3.5
nan,TLS,EAP,Lower Middle,2020,16.7,0.8,3.6
nan,TLS,EAP,Lower Middle,2021,17.0,0.8,3.6
nan,TLS,EAP,Lower Middle,2022,17.3,0.9,3.7
nan,TON,EAP,Upper Middle,2000,0.4,12.7,41.5
nan,TON,EAP,Upper Middle,2001,0.4,13.3,42.3
nan,TON,EAP,Upper Middle,2002,0.3,13.9,43.1
nan,TON,EAP,Upper Middle,2003,0.3,14.6,43.9
nan,TON,EAP,Upper Middle,2004,0.3,15.3,44.7
nan,TON,EAP,Upper Middle,2005,0.3,16.0,45.5
nan,TON,EAP,Upper Middle,2006,0.3,16.8,46.4
nan,TON,EAP,Upper Middle,2007,0.3,17.7,47.1
nan,TON,EAP,Upper Middle,2008,0.3,18.5,47.8
nan,TON,EAP,Upper Middle,2009,0.3,19.4,48.6
nan,TON,EAP,Upper Middle,2010,0.3,20.3,49.3
nan,TON,EAP,Upper Middle,2011,0.3,21.3,50.0
nan,TON,EAP,Upper Middle,2012,0.3,22.2,50.6
nan,TON,EAP,Upper Middle,2013,0.4,23.2,51.2
nan,TON,EAP,Upper Middle,2014,0.4,24.2,51.7
nan,TON,EAP,Upper Middle,2015,0.4,25.2,52.3
nan,TON,EAP,Upper Middle,2016,0.4,26.2,52.9
nan,TON,EAP,Upper Middle,2017,0.4,27.2,53.4
nan,TON,EAP,Upper Middle,2018,0.4,28.3,54.0
nan,TON,EAP,Upper Middle,2019,0.4,29.3,54.6
nan,TON,EAP,Upper Middle,2020,0.5,30.4,55.3
nan,TON,EAP,Upper Middle,2021,0.5,31.5,55.9
nan,TON,EAP,Upper Middle,2022,0.5,32.5,56.6
nan,TTO,LAC,High,2000,11.2,6.3,16.3
nan,TTO,LAC,High,2001,11.1,6.7,17.0
nan,TTO,LAC,High,2002,10.9,7.2,17.8
nan,TTO,LAC,High,2003,10.7,7.7,18.7
nan,TTO,LAC,High,2004,10.6,8.2,19.5
nan,TTO,LAC,High,2005,10.4,8.7,20.4
nan,TTO,LAC,High,2006,10.3,9.3,21.3
nan,TTO,LAC,High,2007,10.2,9.9,22.2
nan,TTO,LAC,High,2008,10.1,10.4,23.1
nan,TTO,LAC,High,2009,10.0,11.0,24.1
nan,TTO,LAC,High,2010,9.9,11.7,25.0
nan,TTO,LAC,High,2011,9.9,12.3,26.0
nan,TTO,LAC,High,2012,9.8,12.9,27.0
nan,TTO,LAC,High,2013,9.7,13.6,28.0
nan,TTO,LAC,High,2014,9.6,14.2,29.0
nan,TTO,LAC,High,2015,9.6,14.9,30.0
nan,TTO,LAC,High,2016,9.5,15.5,31.1
nan,TTO,LAC,High,2017,9.5,16.2,32.2
nan,TTO,LAC,High,2018,9.4,16.9,33.2
nan,TTO,LAC,High,2019,9.4,17.6,34.3
nan,TTO,LAC,High,2020,9.4,18.3,35.4
nan,TTO,LAC,High,2021,9.3,19.0,36.5
nan,TTO,LAC,High,2022,9.3,19.7,37.5
nan,TUN,MENA,Lower Middle,2000,6.1,3.0,12.2
nan,TUN,MENA,Lower Middle,2001,6.0,3.2,12.7
nan,TUN,MENA,Lower Middle,2002,5.9,3.4,13.3
nan,TUN,MENA,Lower Middle,2003,5.8,3.6,13.9
nan,TUN,MENA,Lower Middle,2004,5.7,3.8,14.4
nan,TUN,MENA,Lower Middle,2005,5.6,4.0,15.0
nan,TUN,MENA,Lower Middle,2006,5.5,4.2,15.6
nan,TUN,MENA,Lower Middle,2007,5.5,4.5,16.1
nan,TUN,MENA,Lower Middle,2008,5.4,4.7,16.6
nan,TUN,MENA,Lower Middle,2009,5.4,5.0,17.2
nan,TUN,MENA,Lower Middle,2010,5.3,5.3,17.7
nan,TUN,MENA,Lower Middle,2011,5.2,5.6,18.3
nan,TUN,MENA,Lower Middle,2012,5.2,5.9,18.9
nan,TUN,MENA,Lower Middle,2013,5.1,6.3,19.6
nan,TUN,MENA,Lower Middle,2014,5.1,6.7,20.3
nan,TUN,MENA,Lower Middle,2015,5.1,7.1,21.1
nan,TUN,MENA,Lower Middle,2016,5.0,7.5,21.9
nan,TUN,MENA,Lower Middle,2017,5.0,8.0,22.7
nan,TUN,MENA,Lower Middle,2018,4.9,8.5,23.6
nan,TUN,MENA,Lower Middle,2019,4.9,9.1,24.5
nan,TUN,MENA,Lower Middle,2020,4.9,9.6,25.5
nan,TUN,MENA,Lower Middle,2021,4.8,10.2,26.5
nan,TUN,MENA,Lower Middle,2022,4.8,10.7,27.5
nan,TUR,EECA,Upper Middle,2000,2.9,4.0,15.6
nan,TUR,EECA,Upper Middle,2001,2.8,4.2,16.1
nan,TUR,EECA,Upper Middle,2002,2.7,4.5,16.6
nan,TUR,EECA,Upper Middle,2003,2.7,4.7,17.2
nan,TUR,EECA,Upper Middle,2004,2.6,5.0,17.8
nan,TUR,EECA,Upper Middle,2005,2.6,5.2,18.4
nan,TUR,EECA,Upper Middle,2006,2.5,5.5,19.0
nan,TUR,EECA,Upper Middle,2007,2.5,5.8,19.6
nan,TUR,EECA,Upper Middle,2008,2.4,6.0,20.3
nan,TUR,EECA,Upper Middle,2009,2.4,6.3,20.9
nan,TUR,EECA,Upper Middle,2010,2.4,6.6,21.6
nan,TUR,EECA,Upper Middle,2011,2.3,6.9,22.3
nan,TUR,EECA,Upper Middle,2012,2.3,7.2,23.0
nan,TUR,EECA,Upper Middle,2013,2.3,7.5,23.7
nan,TUR,EECA,Upper Middle,2014,2.2,7.9,24.5
nan,TUR,EECA,Upper Middle,2015,2.2,8.2,25.4
nan,TUR,EECA,Upper Middle,2016,2.2,8.7,26.3
nan,TUR,EECA,Upper Middle,2017,2.1,9.1,27.3
nan,TUR,EECA,Upper Middle,2018,2.1,9.6,28.4
nan,TUR,EECA,Upper Middle,2019,2.1,10.1,29.4
nan,TUR,EECA,Upper Middle,2020,2.0,10.6,30.5
nan,TUR,EECA,Upper Middle,2021,2.0,11.2,31.6
nan,TUR,EECA,Upper Middle,2022,2.0,11.7,32.7
nan,TUV,EAP,Upper Middle,2000,1.6,13.0,35.7
nan,TUV,EAP,Upper Middle,2001,1.6,13.5,36.4
nan,TUV,EAP,Upper Middle,2002,1.6,14.1,37.2
nan,TUV,EAP,Upper Middle,2003,1.6,14.8,38.0
nan,TUV,EAP,Upper Middle,2004,1.6,15.5,38.9
nan,TUV,EAP,Upper Middle,2005,1.5,16.2,39.9
nan,TUV,EAP,Upper Middle,2006,1.5,17.0,40.8
nan,TUV,EAP,Upper Middle,2007,1.5,17.8,41.7
nan,TUV,EAP,Upper Middle,2008,1.5,18.5,42.5
nan,TUV,EAP,Upper Middle,2009,1.5,19.3,43.3
nan,TUV,EAP,Upper Middle,2010,1.5,20.1,44.1
nan,TUV,EAP,Upper Middle,2011,1.5,20.9,44.8
nan,TUV,EAP,Upper Middle,2012,1.5,21.6,45.4
nan,TUV,EAP,Upper Middle,2013,1.5,22.4,46.0
nan,TUV,EAP,Upper Middle,2014,1.5,23.1,46.6
nan,TUV,EAP,Upper Middle,2015,1.6,23.9,47.1
nan,TUV,EAP,Upper Middle,2016,1.6,24.6,47.6
nan,TUV,EAP,Upper Middle,2017,1.6,25.4,48.2
nan,TUV,EAP,Upper Middle,2018,1.6,26.2,48.9
nan,TUV,EAP,Upper Middle,2019,1.7,27.1,49.6
nan,TUV,EAP,Upper Middle,2020,1.7,28.0,50.4
nan,TUV,EAP,Upper Middle,2021,1.7,28.8,51.2
nan,TUV,EAP,Upper Middle,2022,1.7,29.7,52.0
nan,TZA,ESA,Lower Middle,2000,7.4,0.4,4.2
nan,TZA,ESA,Lower Middle,2001,7.3,0.5,4.3
nan,TZA,ESA,Lower Middle,2002,7.2,0.5,4.5
nan,TZA,ESA,Lower Middle,2003,7.0,0.5,4.6
nan,TZA,ESA,Lower Middle,2004,6.9,0.6,4.8
nan,TZA,ESA,Lower Middle,2005,6.8,0.6,4.9
nan,TZA,ESA,Lower Middle,2006,6.7,0.6,5.1
nan,TZA,ESA,Lower Middle,2007,6.6,0.7,5.2
nan,TZA,ESA,Lower Middle,2008,6.6,0.7,5.3
nan,TZA,ESA,Lower Middle,2009,6.5,0.8,5.5
nan,TZA,ESA,Lower Middle,2010,6.5,0.8,5.6
nan,TZA,ESA,Lower Middle,2011,6.5,0.9,5.8
nan,TZA,ESA,Lower Middle,2012,6.6,0.9,5.9
nan,TZA,ESA,Lower Middle,2013,6.6,1.0,6.0
nan,TZA,ESA,Lower Middle,2014,6.7,1.0,6.2
nan,TZA,ESA,Lower Middle,2015,6.8,1.1,6.3
nan,TZA,ESA,Lower Middle,2016,6.9,1.1,6.5
nan,TZA,ESA,Lower Middle,2017,7.0,1.2,6.7
nan,TZA,ESA,Lower Middle,2018,7.2,1.3,6.9
nan,TZA,ESA,Lower Middle,2019,7.3,1.4,7.1
nan,TZA,ESA,Lower Middle,2020,7.4,1.5,7.3
nan,TZA,ESA,Lower Middle,2021,7.5,1.6,7.6
nan,TZA,ESA,Lower Middle,2022,7.6,1.8,7.8
nan,UGA,ESA,Low,2000,7.6,0.5,5.8
nan,UGA,ESA,Low,2001,7.4,0.6,6.0
nan,UGA,ESA,Low,2002,7.3,0.6,6.1
nan,UGA,ESA,Low,2003,7.1,0.6,6.3
nan,UGA,ESA,Low,2004,7.0,0.7,6.4
nan,UGA,ESA,Low,2005,6.9,0.7,6.5
nan,UGA,ESA,Low,2006,6.8,0.8,6.7
nan,UGA,ESA,Low,2007,6.8,0.8,6.8
nan,UGA,ESA,Low,2008,6.7,0.9,6.9
nan,UGA,ESA,Low,2009,6.7,1.0,7.0
nan,UGA,ESA,Low,2010,6.6,1.0,7.1
nan,UGA,ESA,Low,2011,6.6,1.1,7.2
nan,UGA,ESA,Low,2012,6.6,1.2,7.4
nan,UGA,ESA,Low,2013,6.6,1.3,7.6
nan,UGA,ESA,Low,2014,6.6,1.4,7.8
nan,UGA,ESA,Low,2015,6.7,1.6,8.1
nan,UGA,ESA,Low,2016,6.7,1.8,8.4
nan,UGA,ESA,Low,2017,6.8,2.1,8.8
nan,UGA,ESA,Low,2018,6.8,2.4,9.2
nan,UGA,ESA,Low,2019,6.9,2.8,9.8
nan,UGA,ESA,Low,2020,6.9,3.3,10.4
nan,UGA,ESA,Low,2021,7.0,3.9,11.2
nan,UGA,ESA,Low,2022,7.1,4.6,12.0
nan,UKR,EECA,Upper Middle,2000,3.9,1.7,11.8
nan,UKR,EECA,Upper Middle,2001,3.9,1.7,11.8
nan,UKR,EECA,Upper Middle,2002,3.8,1.8,11.8
nan,UKR,EECA,Upper Middle,2003,3.8,1.8,11.9
nan,UKR,EECA,Upper Middle,2004,3.8,1.9,12.1
nan,UKR,EECA,Upper Middle,2005,3.8,2.0,12.2
nan,UKR,EECA,Upper Middle,2006,3.8,2.1,12.5
nan,UKR,EECA,Upper Middle,2007,3.8,2.2,12.8
nan,UKR,EECA,Upper Middle,2008,3.8,2.3,13.1
nan,UKR,EECA,Upper Middle,2009,3.9,2.5,13.5
nan,UKR,EECA,Upper Middle,2010,4.0,2.7,14.0
nan,UKR,EECA,Upper Middle,2011,4.1,2.9,14.4
nan,UKR,EECA,Upper Middle,2012,4.2,3.1,14.9
nan,UKR,EECA,Upper Middle,2013,4.3,3.4,15.4
nan,UKR,EECA,Upper Middle,2014,4.5,3.6,15.8
nan,UKR,EECA,Upper Middle,2015,4.6,3.8,16.2
nan,UKR,EECA,Upper Middle,2016,4.8,3.9,16.5
nan,UKR,EECA,Upper Middle,2017,5.0,4.1,16.8
nan,UKR,EECA,Upper Middle,2018,5.1,4.2,17.0
nan,UKR,EECA,Upper Middle,2019,5.3,4.3,17.1
nan,UKR,EECA,Upper Middle,2020,5.5,4.3,17.1
nan,UKR,EECA,Upper Middle,2021,5.7,4.4,17.1
nan,UKR,EECA,Upper Middle,2022,5.9,4.5,17.4
nan,URY,LAC,High,2000,1.7,5.7,25.1
nan,URY,LAC,High,2001,1.6,6.0,25.8
nan,URY,LAC,High,2002,1.6,6.3,26.5
nan,URY,LAC,High,2003,1.5,6.6,27.1
nan,URY,LAC,High,2004,1.5,7.0,27.7
nan,URY,LAC,High,2005,1.5,7.4,28.3
nan,URY,LAC,High,2006,1.4,7.8,28.9
nan,URY,LAC,High,2007,1.4,8.2,29.5
nan,URY,LAC,High,2008,1.4,8.6,30.1
nan,URY,LAC,High,2009,1.3,9.1,30.6
nan,URY,LAC,High,2010,1.3,9.6,31.2
nan,URY,LAC,High,2011,1.3,10.1,31.8
nan,URY,LAC,High,2012,1.3,10.7,32.4
nan,URY,LAC,High,2013,1.3,11.2,33.0
nan,URY,LAC,High,2014,1.2,11.9,33.7
nan,URY,LAC,High,2015,1.2,12.5,34.4
nan,URY,LAC,High,2016,1.2,13.2,35.2
nan,URY,LAC,High,2017,1.2,13.9,36.0
nan,URY,LAC,High,2018,1.2,14.6,36.8
nan,URY,LAC,High,2019,1.3,15.4,37.6
nan,URY,LAC,High,2020,1.3,16.2,38.4
nan,URY,LAC,High,2021,1.3,17.0,39.2
nan,URY,LAC,High,2022,1.3,17.7,40.0
nan,USA,nan,High,2000,1.4,18.3,38.7
nan,USA,nan,High,2001,1.4,18.9,39.5
nan,USA,nan,High,2002,1.3,19.5,40.2
nan,USA,nan,High,2003,1.3,20.0,40.8
nan,USA,nan,High,2004,1.3,20.4,41.2
nan,USA,nan,High,2005,1.2,20.7,41.5
nan,USA,nan,High,2006,1.2,20.9,41.6
nan,USA,nan,High,2007,1.2,21.0,41.7
nan,USA,nan,High,2008,1.2,21.0,41.8
nan,USA,nan,High,2009,1.2,21.0,41.7
nan,USA,nan,High,2010,1.2,21.0,41.7
nan,USA,nan,High,2011,1.2,20.9,41.6
nan,USA,nan,High,2012,1.2,20.8,41.5
nan,USA,nan,High,2013,1.2,20.7,41.5
nan,USA,nan,High,2014,1.2,20.6,41.4
nan,USA,nan,High,2015,1.2,20.6,41.4
nan,USA,nan,High,2016,1.2,20.6,41.5
nan,USA,nan,High,2017,1.2,20.6,41.6
nan,USA,nan,High,2018,1.3,20.6,41.7
nan,USA,nan,High,2019,1.3,20.6,41.8
nan,USA,nan,High,2020,1.3,20.6,41.8
nan,USA,nan,High,2021,1.3,20.6,41.9
nan,USA,nan,High,2022,1.3,20.6,42.0
nan,UZB,EECA,Lower Middle,2000,3.4,2.2,12.7
nan,UZB,EECA,Lower Middle,2001,3.4,2.2,12.7
nan,UZB,EECA,Lower Middle,2002,3.3,2.3,12.8
nan,UZB,EECA,Lower Middle,2003,3.2,2.3,12.9
nan,UZB,EECA,Lower Middle,2004,3.2,2.3,13.0
nan,UZB,EECA,Lower Middle,2005,3.2,2.4,13.2
nan,UZB,EECA,Lower Middle,2006,3.1,2.5,13.3
nan,UZB,EECA,Lower Middle,2007,3.1,2.6,13.5
nan,UZB,EECA,Lower Middle,2008,3.1,2.7,13.7
nan,UZB,EECA,Lower Middle,2009,3.1,2.8,13.9
nan,UZB,EECA,Lower Middle,2010,3.1,3.0,14.1
nan,UZB,EECA,Lower Middle,2011,3.1,3.1,14.4
nan,UZB,EECA,Lower Middle,2012,3.1,3.3,14.7
nan,UZB,EECA,Lower Middle,2013,3.2,3.5,15.1
nan,UZB,EECA,Lower Middle,2014,3.2,3.8,15.5
nan,UZB,EECA,Lower Middle,2015,3.2,4.0,16.0
nan,UZB,EECA,Lower Middle,2016,3.3,4.3,16.5
nan,UZB,EECA,Lower Middle,2017,3.3,4.6,17.0
nan,UZB,EECA,Lower Middle,2018,3.4,5.0,17.5
nan,UZB,EECA,Lower Middle,2019,3.5,5.3,18.1
nan,UZB,EECA,Lower Middle,2020,3.5,5.6,18.7
nan,UZB,EECA,Lower Middle,2021,3.6,6.0,19.3
nan,UZB,EECA,Lower Middle,2022,3.7,6.4,19.9
nan,VCT,LAC,Upper Middle,2000,4.0,9.3,20.6
nan,VCT,LAC,Upper Middle,2001,4.0,9.7,21.3
nan,VCT,LAC,Upper Middle,2002,3.9,10.1,22.0
nan,VCT,LAC,Upper Middle,2003,3.8,10.5,22.7
nan,VCT,LAC,Upper Middle,2004,3.7,11.0,23.4
nan,VCT,LAC,Upper Middle,2005,3.7,11.4,24.1
nan,VCT,LAC,Upper Middle,2006,3.6,11.8,24.8
nan,VCT,LAC,Upper Middle,2007,3.6,12.2,25.5
nan,VCT,LAC,Upper Middle,2008,3.5,12.6,26.2
nan,VCT,LAC,Upper Middle,2009,3.5,13.0,26.8
nan,VCT,LAC,Upper Middle,2010,3.4,13.4,27.4
nan,VCT,LAC,Upper Middle,2011,3.4,13.8,28.1
nan,VCT,LAC,Upper Middle,2012,3.3,14.2,28.7
nan,VCT,LAC,Upper Middle,2013,3.3,14.6,29.3
nan,VCT,LAC,Upper Middle,2014,3.3,15.0,30.0
nan,VCT,LAC,Upper Middle,2015,3.3,15.4,30.7
nan,VCT,LAC,Upper Middle,2016,3.2,15.9,31.3
nan,VCT,LAC,Upper Middle,2017,3.2,16.3,32.0
nan,VCT,LAC,Upper Middle,2018,3.2,16.7,32.7
nan,VCT,LAC,Upper Middle,2019,3.2,17.2,33.4
nan,VCT,LAC,Upper Middle,2020,3.2,17.6,34.2
nan,VCT,LAC,Upper Middle,2021,3.2,18.1,34.9
nan,VCT,LAC,Upper Middle,2022,3.2,18.5,35.6
nan,VEN,LAC,Not Classified,2000,2.5,6.0,21.5
nan,VEN,LAC,Not Classified,2001,2.5,6.3,22.1
nan,VEN,LAC,Not Classified,2002,2.4,6.6,22.7
nan,VEN,LAC,Not Classified,2003,2.4,6.9,23.3
nan,VEN,LAC,Not Classified,2004,2.4,7.2,23.9
nan,VEN,LAC,Not Classified,2005,2.3,7.5,24.5
nan,VEN,LAC,Not Classified,2006,2.3,7.8,25.1
nan,VEN,LAC,Not Classified,2007,2.3,8.1,25.6
nan,VEN,LAC,Not Classified,2008,2.2,8.5,26.2
nan,VEN,LAC,Not Classified,2009,2.2,8.8,26.9
nan,VEN,LAC,Not Classified,2010,2.2,9.2,27.5
nan,VEN,LAC,Not Classified,2011,2.2,9.5,28.1
nan,VEN,LAC,Not Classified,2012,2.2,9.9,28.8
nan,VEN,LAC,Not Classified,2013,2.2,10.4,29.5
nan,VEN,LAC,Not Classified,2014,2.2,10.8,30.2
nan,VEN,LAC,Not Classified,2015,2.2,11.3,30.9
nan,VEN,LAC,Not Classified,2016,2.3,11.7,31.6
nan,VEN,LAC,Not Classified,2017,2.3,12.2,32.4
nan,VEN,LAC,Not Classified,2018,2.3,12.8,33.2
nan,VEN,LAC,Not Classified,2019,2.4,13.3,33.9
nan,VEN,LAC,Not Classified,2020,2.4,13.8,34.7
nan,VEN,LAC,Not Classified,2021,2.5,14.4,35.4
nan,VEN,LAC,Not Classified,2022,2.5,14.9,36.1
nan,VNM,EAP,Lower Middle,2000,18.2,0.4,1.9
nan,VNM,EAP,Lower Middle,2001,18.1,0.5,2.2
nan,VNM,EAP,Lower Middle,2002,17.9,0.5,2.4
nan,VNM,EAP,Lower Middle,2003,17.8,0.6,2.8
nan,VNM,EAP,Lower Middle,2004,17.5,0.8,3.1
nan,VNM,EAP,Lower Middle,2005,17.3,0.9,3.5
nan,VNM,EAP,Lower Middle,2006,17.0,1.1,4.0
nan,VNM,EAP,Lower Middle,2007,16.6,1.3,4.6
nan,VNM,EAP,Lower Middle,2008,16.3,1.5,5.2
nan,VNM,EAP,Lower Middle,2009,15.9,1.7,5.9
nan,VNM,EAP,Lower Middle,2010,15.5,2.0,6.6
nan,VNM,EAP,Lower Middle,2011,15.1,2.3,7.4
nan,VNM,EAP,Lower Middle,2012,14.7,2.6,8.3
nan,VNM,EAP,Lower Middle,2013,14.2,3.0,9.2
nan,VNM,EAP,Lower Middle,2014,13.8,3.3,10.1
nan,VNM,EAP,Lower Middle,2015,13.4,3.6,11.1
nan,VNM,EAP,Lower Middle,2016,12.9,4.0,12.0
nan,VNM,EAP,Lower Middle,2017,12.4,4.3,13.0
nan,VNM,EAP,Lower Middle,2018,11.9,4.7,14.0
nan,VNM,EAP,Lower Middle,2019,11.4,5.1,15.0
nan,VNM,EAP,Lower Middle,2020,11.0,5.5,16.1
nan,VNM,EAP,Lower Middle,2021,10.5,5.9,17.1
nan,VNM,EAP,Lower Middle,2022,10.1,6.3,18.3
nan,VUT,EAP,Lower Middle,2000,2.4,4.2,18.6
nan,VUT,EAP,Lower Middle,2001,2.4,4.4,19.0
nan,VUT,EAP,Lower Middle,2002,2.4,4.7,19.5
nan,VUT,EAP,Lower Middle,2003,2.3,4.9,19.9
nan,VUT,EAP,Lower Middle,2004,2.3,5.1,20.4
nan,VUT,EAP,Lower Middle,2005,2.3,5.4,20.9
nan,VUT,EAP,Lower Middle,2006,2.3,5.7,21.3
nan,VUT,EAP,Lower Middle,2007,2.2,6.0,21.8
nan,VUT,EAP,Lower Middle,2008,2.2,6.3,22.3
nan,VUT,EAP,Lower Middle,2009,2.2,6.6,22.7
nan,VUT,EAP,Lower Middle,2010,2.2,7.0,23.2
nan,VUT,EAP,Lower Middle,2011,2.2,7.3,23.7
nan,VUT,EAP,Lower Middle,2012,2.2,7.7,24.2
nan,VUT,EAP,Lower Middle,2013,2.2,8.1,24.7
nan,VUT,EAP,Lower Middle,2014,2.2,8.5,25.2
nan,VUT,EAP,Lower Middle,2015,2.2,8.9,25.7
nan,VUT,EAP,Lower Middle,2016,2.2,9.4,26.2
nan,VUT,EAP,Lower Middle,2017,2.2,9.9,26.9
nan,VUT,EAP,Lower Middle,2018,2.2,10.4,27.5
nan,VUT,EAP,Lower Middle,2019,2.2,10.9,28.2
nan,VUT,EAP,Lower Middle,2020,2.2,11.4,29.0
nan,VUT,EAP,Lower Middle,2021,2.2,12.0,29.7
nan,VUT,EAP,Lower Middle,2022,2.2,12.5,30.5
nan,WSM,EAP,Lower Middle,2000,1.0,9.9,33.9
nan,WSM,EAP,Lower Middle,2001,1.0,10.4,34.7
nan,WSM,EAP,Lower Middle,2002,1.0,10.9,35.5
nan,WSM,EAP,Lower Middle,2003,1.0,11.4,36.3
nan,WSM,EAP,Lower Middle,2004,1.0,11.9,37.2
nan,WSM,EAP,Lower Middle,2005,0.9,12.5,38.1
nan,WSM,EAP,Lower Middle,2006,0.9,13.1,38.9
nan,WSM,EAP,Lower Middle,2007,0.9,13.7,39.8
nan,WSM,EAP,Lower Middle,2008,0.9,14.3,40.6
nan,WSM,EAP,Lower Middle,2009,0.9,14.8,41.3
nan,WSM,EAP,Lower Middle,2010,0.9,15.4,42.1
nan,WSM,EAP,Lower Middle,2011,0.9,16.0,42.7
nan,WSM,EAP,Lower Middle,2012,0.9,16.6,43.3
nan,WSM,EAP,Lower Middle,2013,0.9,17.2,43.9
nan,WSM,EAP,Lower Middle,2014,0.9,17.8,44.4
nan,WSM,EAP,Lower Middle,2015,1.0,18.4,45.0
nan,WSM,EAP,Lower Middle,2016,1.0,19.1,45.6
nan,WSM,EAP,Lower Middle,2017,1.0,19.8,46.2
nan,WSM,EAP,Lower Middle,2018,1.0,20.5,46.8
nan,WSM,EAP,Lower Middle,2019,1.0,21.2,47.5
nan,WSM,EAP,Lower Middle,2020,1.0,22.0,48.2
nan,WSM,EAP,Lower Middle,2021,1.0,22.8,48.9
nan,WSM,EAP,Lower Middle,2022,1.1,23.5,49.7
nan,YEM,MENA,Low,2000,15.3,3.3,11.3
nan,YEM,MENA,Low,2001,15.3,3.4,11.5
nan,YEM,MENA,Low,2002,15.4,3.5,11.8
nan,YEM,MENA,Low,2003,15.4,3.6,12.0
nan,YEM,MENA,Low,2004,15.5,3.8,12.2
nan,YEM,MENA,Low,2005,15.5,3.9,12.4
nan,YEM,MENA,Low,2006,15.6,4.1,12.6
nan,YEM,MENA,Low,2007,15.7,4.3,12.8
nan,YEM,MENA,Low,2008,15.7,4.5,13.0
nan,YEM,MENA,Low,2009,15.8,4.7,13.2
nan,YEM,MENA,Low,2010,15.8,5.0,13.5
nan,YEM,MENA,Low,2011,15.8,5.3,13.9
nan,YEM,MENA,Low,2012,15.7,5.6,14.3
nan,YEM,MENA,Low,2013,15.7,6.0,14.7
nan,YEM,MENA,Low,2014,15.6,6.4,15.2
nan,YEM,MENA,Low,2015,15.5,6.8,15.8
nan,YEM,MENA,Low,2016,15.4,7.3,16.4
nan,YEM,MENA,Low,2017,15.2,7.8,17.1
nan,YEM,MENA,Low,2018,15.1,8.3,17.9
nan,YEM,MENA,Low,2019,15.0,8.9,18.6
nan,YEM,MENA,Low,2020,14.8,9.5,19.4
nan,YEM,MENA,Low,2021,14.7,10.1,20.2
nan,YEM,MENA,Low,2022,14.5,10.7,21.1
nan,ZAF,ESA,Upper Middle,2000,12.0,2.5,9.2
nan,ZAF,ESA,Upper Middle,2001,11.2,2.9,10.2
nan,ZAF,ESA,Upper Middle,2002,10.3,3.4,11.4
nan,ZAF,ESA,Upper Middle,2003,9.4,3.9,12.8
nan,ZAF,ESA,Upper Middle,2004,8.6,4.5,14.1
nan,ZAF,ESA,Upper Middle,2005,7.9,5.1,15.5
nan,ZAF,ESA,Upper Middle,2006,7.2,5.7,16.8
nan,ZAF,ESA,Upper Middle,2007,6.6,6.2,18.1
nan,ZAF,ESA,Upper Middle,2008,6.1,6.7,19.1
nan,ZAF,ESA,Upper Middle,2009,5.6,7.1,20.0
nan,ZAF,ESA,Upper Middle,2010,5.2,7.3,20.6
nan,ZAF,ESA,Upper Middle,2011,4.9,7.4,21.0
nan,ZAF,ESA,Upper Middle,2012,4.6,7.5,21.2
nan,ZAF,ESA,Upper Middle,2013,4.4,7.5,21.3
nan,ZAF,ESA,Upper Middle,2014,4.2,7.4,21.3
nan,ZAF,ESA,Upper Middle,2015,4.0,7.4,21.2
nan,ZAF,ESA,Upper Middle,2016,3.9,7.3,21.1
nan,ZAF,ESA,Upper Middle,2017,3.8,7.2,21.1
nan,ZAF,ESA,Upper Middle,2018,3.7,7.2,21.0
nan,ZAF,ESA,Upper Middle,2019,3.6,7.2,21.0
nan,ZAF,ESA,Upper Middle,2020,3.5,7.1,21.0
nan,ZAF,ESA,Upper Middle,2021,3.4,7.1,21.0
nan,ZAF,ESA,Upper Middle,2022,3.3,7.1,21.0
nan,ZMB,ESA,Lower Middle,2000,6.7,0.9,5.2
nan,ZMB,ESA,Lower Middle,2001,6.6,1.0,5.4
nan,ZMB,ESA,Lower Middle,2002,6.4,1.0,5.7
nan,ZMB,ESA,Lower Middle,2003,6.3,1.1,5.9
nan,ZMB,ESA,Lower Middle,2004,6.1,1.2,6.2
nan,ZMB,ESA,Lower Middle,2005,6.0,1.3,6.5
nan,ZMB,ESA,Lower Middle,2006,5.8,1.4,6.8
nan,ZMB,ESA,Lower Middle,2007,5.7,1.5,7.0
nan,ZMB,ESA,Lower Middle,2008,5.6,1.7,7.3
nan,ZMB,ESA,Lower Middle,2009,5.4,1.8,7.6
nan,ZMB,ESA,Lower Middle,2010,5.3,1.9,7.9
nan,ZMB,ESA,Lower Middle,2011,5.2,2.1,8.3
nan,ZMB,ESA,Lower Middle,2012,5.1,2.2,8.6
nan,ZMB,ESA,Lower Middle,2013,5.0,2.4,9.0
nan,ZMB,ESA,Lower Middle,2014,4.9,2.6,9.4
nan,ZMB,ESA,Lower Middle,2015,4.8,2.8,9.8
nan,ZMB,ESA,Lower Middle,2016,4.7,3.1,10.3
nan,ZMB,ESA,Lower Middle,2017,4.6,3.4,10.8
nan,ZMB,ESA,Lower Middle,2018,4.5,3.7,11.3
nan,ZMB,ESA,Lower Middle,2019,4.5,4.0,11.8
nan,ZMB,ESA,Lower Middle,2020,4.4,4.4,12.4
nan,ZMB,ESA,Lower Middle,2021,4.4,4.7,13.0
nan,ZMB,ESA,Lower Middle,2022,4.3,5.2,13.7
nan,ZWE,ESA,Lower Middle,2000,8.4,1.0,6.9
nan,ZWE,ESA,Lower Middle,2001,8.2,1.0,7.1
nan,ZWE,ESA,Lower Middle,2002,8.0,1.1,7.3
nan,ZWE,ESA,Lower Middle,2003,7.9,1.1,7.4
nan,ZWE,ESA,Lower Middle,2004,7.7,1.2,7.6
nan,ZWE,ESA,Lower Middle,2005,7.6,1.3,7.7
nan,ZWE,ESA,Lower Middle,2006,7.5,1.3,7.8
nan,ZWE,ESA,Lower Middle,2007,7.3,1.4,7.9
nan,ZWE,ESA,Lower Middle,2008,7.2,1.5,8.1
nan,ZWE,ESA,Lower Middle,2009,7.1,1.5,8.2
nan,ZWE,ESA,Lower Middle,2010,7.0,1.6,8.3
nan,ZWE,ESA,Lower Middle,2011,6.9,1.6,8.4
nan,ZWE,ESA,Lower Middle,2012,6.7,1.6,8.5
nan,ZWE,ESA,Lower Middle,2013,6.6,1.7,8.6
nan,ZWE,ESA,Lower Middle,2014,6.4,1.7,8.8
nan,ZWE,ESA,Lower Middle,2015,6.3,1.8,8.9
nan,ZWE,ESA,Lower Middle,2016,6.1,1.9,9.1
nan,ZWE,ESA,Lower Middle,2017,6.0,1.9,9.3
nan,ZWE,ESA,Lower Middle,2018,5.9,2.0,9.5
nan,ZWE,ESA,Lower Middle,2019,5.8,2.1,9.7
nan,ZWE,ESA,Lower Middle,2020,5.7,2.2,10.0
nan,ZWE,ESA,Lower Middle,2021,5.6,2.3,10.2
nan,ZWE,ESA,Lower Middle,2022,5.6,2.5,10.5
